user_id,name
641,Megan Robinson
1543,Angelica Butler
147,Veronica Sharp
3469,Michael Robinson
1248,David Hampton
4796,Kim Torres
2941,Christine Bennett
4955,Dwayne Martin
577,Heather Combs
3289,Erika Taylor
124,Debbie Campbell
1422,Isaac Riley
3838,Brandon Beck
2797,Ronald Pena
1707,Megan Robinson
3358,April Williams
1002,Lee Cunningham
2618,Jeffery Hughes
1958,Brandon Webb
3475,Matthew Schneider
4728,Michael Wilson
965,Janice Flores
3239,Marcus Garcia
3850,Jill Cole
3093,Donald Bennett
89,Pam White
4828,Lindsey Shaffer
123,Jordan Daniel
270,Jesus Gomez
1216,Danielle Chang
3188,Jacqueline Thomas
3731,Virginia Woodward
2721,Taylor Cook
3806,Ryan Johnson
2550,Nicholas Duke
375,Andrew Patrick
1459,Brooke Flores
3619,Donald Ward
4578,Tina Solis MD
3409,Steven Hanson
3685,George Little
3149,Michael Pittman
4048,Vincent Black
1269,Robert Lopez
378,Ashley Hampton
385,Kenneth Flynn
2476,Eric Baldwin
4023,Andrew Conley
3403,Michael Velez
4844,Charles Henry
66,Natalie Hubbard
61,Tyler Yoder
2109,Cathy Hunter
671,Rachel Jackson DDS
1011,Christina Perry
3057,Deanna Berry
3764,Theresa Alexander
780,Justin Howard
2791,Elizabeth Morgan
3337,Cynthia Kaiser
1659,Joseph Liu
2749,Harry Allen
4418,Jeremy Barnett
4755,Dennis Lee
4260,Amanda Wright
1137,Robert Lambert
4278,Carrie Cruz
484,Barbara Phillips
1679,Nathaniel Wright
45,Dr. Donald Johnson
521,Jo Harvey
1846,Lisa Armstrong
788,Misty Nelson
3176,Peter Hughes
1647,Jessica Jackson
4544,Jennifer Joseph
1743,Stephen Baker
4579,Jose Kemp
1139,Donna Carter
2477,Beth Brown
4375,Shannon Spears
4033,John Jones
4985,Billy Henry
372,Jonathan Perkins
625,Jose Stone PhD
2587,Nicholas Miller
2016,Chelsea Cooper
1385,Ashley Morgan
3182,Kimberly Thompson
610,Kelly Thompson
742,Melanie Brown
3144,Maria Mitchell
1169,Melinda Campbell
4371,Paul Wheeler
2048,Devin Welch
570,Gregory Cole
902,Stacy Young
3640,Kathy Rodriguez
976,Karla Miller
330,Larry Burnett
373,Stephanie Morgan
3568,Danielle Ramirez
4979,Mark Johnson
1828,Thomas Ramsey
4987,Kathy Walker
1508,Christian Harrington
2854,Clayton Hanson
2344,Karen Hood
2751,James Owens
2354,Joseph Stephens
1993,Douglas Cruz
1836,James Mcdonald
1781,Natalie Carroll
1246,Steven Reyes
1865,Julie Gray
591,Lance Cochran
1094,Barbara Jimenez
271,Debbie Garrett
4308,Kevin Montgomery
3794,Matthew Kerr
1876,Michael Wood
3259,Micheal Rivas
4133,William Dudley
4827,Kyle Walsh
2648,Bill Anderson
3847,Kristin Beck
4218,Brian Wilson
1340,Susan Reese
2800,Megan Thomas
333,Jennifer Cruz
4907,Julie Stewart
838,Eddie Jensen
876,Kelsey Chavez
4737,Robert Scott
47,Richard Lee
1487,Tina Harris
3343,Ashley Obrien
437,Martin Davenport
3565,Jeffrey Bailey
4476,Sean Phillips
284,Sharon Valencia
453,Lisa Fisher
21,Gary Rodriguez
4631,Steven Hampton
2169,Amber Hicks
597,Norma Anthony
2738,Thomas West
4431,Kristi Cooper
1501,Stephanie Lutz
3336,Robert Smith
3242,Mark Brown
699,Sherri Smith
3326,Seth Pollard
3097,Zachary Smith Jr.
811,Haley Porter
3666,Michael Miller
4835,Emily Davis
1980,Dana Cordova
2293,Elizabeth Nguyen
169,Jason Ferguson
2065,Laura Simmons
4513,Allison Parker
987,Rebecca Smith
3373,Denise Marsh
1327,Brett Cooper
3468,Megan Garcia
4044,Amanda Young
1468,Matthew Arnold
4882,Tiffany Hahn
3125,Shaun Roman
3109,Victor Morris
3193,Brian Walker
1929,Jennifer Davies
4950,John Parker
339,Joshua Garrett
3397,Douglas Jackson
2509,Joanna Brown
175,Johnathan Reyes
2044,Alyssa Bennett
247,Jennifer Williams
2188,Robert Phillips
1904,Jason Rodriguez
4427,Elizabeth Clark
1769,Monica Hurst
231,Amy Snyder
3243,Marc Lam DDS
3124,Jason Williams
1665,Duane Porter
1297,Mark Powell
1018,Justin Price
213,Robert Greene
224,Amy Morales
3780,Tami Bowers
197,Michelle Moore
3882,Sarah Wright
4866,Tyler Sanders
896,Shelby Heath
4948,Morgan Jones
4040,Kimberly Ellis
4043,Amy Huang
3224,John Young
4572,Olivia King
620,David Martinez
3678,Tracy Chaney
2056,Janet Flores
3852,Joel Lucas
4302,David Gilbert
3571,Jeffrey Kirk
3341,John Jones
4969,Melissa Phillips
2872,Elizabeth Deleon
2527,Jennifer Gray
3755,Peter Gibson
856,Brittany Barnett
3072,Michael Hernandez
2347,Amanda Bolton
2221,Joseph Rivera
398,Stephanie Martin
4881,Kimberly Palmer
3599,Peter Hill
3463,Brenda Scott
3719,Deborah Valenzuela
637,Jeffery Grimes
523,Brian Hansen
4777,Brian Perkins
3458,William Williams
3828,Melissa Simmons
1660,Claudia Hunt
2203,Angela Hogan
1284,Ronald Shelton
3812,Cassandra Cardenas
2772,David Horton
4525,Vanessa Walsh
4999,Audrey Jones
4249,Danielle Austin
3246,Melissa Rivera
2358,Jessica Garcia
3658,Trevor Coleman
1731,Crystal Garrett
4320,Mary Hart
498,Justin Manning
801,Jesse Davis
1697,Katherine Harris
668,Courtney Rose
4667,Nancy Miller
2020,Jeffrey Farley
4541,Jacob Lewis
73,Lori Haley
798,William Fox
2571,Kimberly Gentry
2083,Stephen Wilson
1631,Dana Wolfe
1425,Gregory Mora
3120,Joshua Peters
253,Brandy Santos
4692,Jeanne Charles
3769,Joshua Anderson
2310,Kristina Brady
136,Mark Clements
2594,Barbara Jensen
4366,Rhonda Sullivan
2617,Kristi Baldwin
4611,Anna Garcia
2880,Jennifer Steele
4297,Lisa Chandler
3891,Lauren Dixon
2884,Max Dunn
3329,Kevin Sherman
3350,Matthew Sloan DDS
1564,Natasha Holloway
999,Nancy Smith
1502,Alfred Bradford
3542,Christopher Johnson
585,Lucas Kramer
3989,James Frank
1189,Ashley Larson
1242,Reginald Hall
3154,Christopher Chaney
532,Christopher Kirby
694,Kimberly Werner
3424,Anthony Carter
1111,Jason Mathis
159,Andrew Curry
2868,Christina Lee
3285,Gary Sullivan
4401,Thomas Clark
3948,James Rogers
2824,Christopher Martin
983,Gina Flores
2765,Kendra White
786,Jaclyn Martinez
4324,Ronald Adams
685,Cassie Jones
1271,Joanna Johnson
3333,Daniel Burns
3736,Jodi Moreno
3841,Denise Bentley
3405,Jessica Fisher
4602,John Luna
1537,Thomas Jones
2613,Kelly Chan
4656,Erin Bauer
4348,Sandra Brennan
2683,Steven Shields
4153,Corey Knox
3765,Sonya Page
2388,Shannon Hodges
312,Heidi Greene
2530,Melissa Holmes
1288,William Novak
172,Michael Solis
160,Gloria Hawkins
2627,Dennis Davis
781,Sandra Nichols
1309,William Sparks
4018,Megan Myers
2710,Daniel Hahn
3142,Jacob Johnson
3035,Susan Smith
301,Tim Thomas
2822,Michelle Pierce
2764,Fernando Brown
4378,Joseph Byrd
1143,Tina Weaver
3226,Dale Steele
627,Kevin Roberts
4863,Renee Hodge
4439,Marilyn Moore
4332,Susan Thomas
2094,Raymond Bennett
4296,Abigail Green
4624,Jeremy Long
7,Kendra Jackson
642,Samantha Howell
4391,April Mcconnell
933,Jennifer Braun
3342,Kimberly Simpson
2138,Stephanie Hudson
2658,Amanda Villegas
832,Elizabeth Bailey
3962,Gerald Huang
633,Kelly House
2295,Brandon Ochoa
1113,Cassandra Medina
1344,Dr. Savannah David
4626,Christian Hanson
673,Heidi Alexander
1821,William Keller
1618,Sean Page
3385,Danielle Thomas
3190,John Kelley
3541,Aaron Cook
927,Daniel Torres
1657,Elizabeth House PhD
4517,William Haynes
3884,Patrick Johnson
1760,Brandon Kerr
2921,Kenneth Bradley
2741,Carrie Lee
4409,Katherine Trujillo
3657,Bonnie Burns
4676,Amanda Norton
4095,Amanda Hall
1407,Kristen Sanchez
155,Laura Alexander
1632,James Shepherd
4102,Phyllis Thomas
4359,Angela Yu
1414,Christine Strong
2219,Jessica George
1764,Alan Villa
3672,Shirley Rivera
3688,Justin Green
4805,Cassandra Doyle
3450,Deanna Mills
4810,Christopher Tran
4100,Amy Gill
1430,Sharon Rogers
2346,Shawn Johnson
4138,Anthony Campbell
1947,Jeremy Frederick
1178,George Calderon
4097,David Knight MD
4610,Loretta Nguyen
3854,Adam Carter
3150,Melanie Diaz
1389,Charles Smith
1557,Chris Ritter
825,Angela Cox
3888,Dennis Smith
2296,Timothy Pope
3138,Joseph Carroll
3272,Johnny Turner
4536,Keith Silva
4066,Michael Turner
2456,Larry Hamilton
3759,Bailey Ball
1719,Amy Arnold
2231,Vanessa Giles
1049,Timothy Johnson
3692,Austin Mason
4135,Melissa Palmer
2614,Mary Strickland
938,Dr. Melissa Rangel
1413,Daniel Villegas
3071,Donna Taylor
3560,Dean Lewis
3260,George Johnson
1777,Randy Jenkins
374,Melanie Stark
4272,Samuel Schultz
691,Brandi Hayes
298,Mary Davis
3129,Kathleen Park
1996,Daniel Kim
508,Michelle Collier DDS
731,Michael Saunders
546,Taylor Walsh
3007,Valerie Delgado
2416,Kaitlin Gray
4176,Michelle Barnes
4247,Steven Reynolds
1377,Joseph Payne
1948,Hunter Russell
1040,Lindsay Moses
2087,Ana Bailey
4916,Christopher Smith
1770,Jesse Robertson
2022,Christopher Brooks
1792,Mary Hughes
979,Janet Davis
455,Nicholas Kirk
4479,Roger Wolfe
277,Kimberly Osborne
217,Kimberly Orr
421,Cindy Dawson
106,Sandra Castillo
180,Robert Davis
4507,Kathryn Molina
1153,Dr. David Williams MD
4220,Molly Alexander
1824,Jeffrey Moore
1961,Tina Russell
3197,Mark Mahoney
1093,Joan Coleman
1941,Michelle Lopez
4171,David Jordan
793,Dr. Mary Jones
2579,Samantha Martinez
1579,William Lang
1028,Cindy Bauer
3790,Joseph Lang
4122,Brittany Mueller
1110,Henry Ortiz
736,Daniel Preston
1243,Dominique Crane
1915,Crystal Beck
2469,Michelle Johnson
994,Nicole Schmidt
3010,Donna Robinson
4085,Donna Houston
1600,Kristen Ponce
3288,Rodney Sanchez
2686,Susan Moore
924,Jason Thompson
2667,Christian Gonzalez
487,Heather White
3980,Julia Scott
2205,William Cooper
4082,Kathryn Myers
972,Wayne Davis
1195,Ryan Blake
463,Allen Rose
2220,Carol Stanton
486,Isaiah Todd
3839,Tammy Ramsey
4859,Wesley Scott
104,Melissa Trevino
98,Mary Matthews
3056,Timothy Daniel MD
3848,Brian Garza
834,William King
1669,Erika Adams
3653,Rachel Rhodes
4201,Samantha Morgan
2801,Caitlin Martin
992,Kelly Gonzalez
320,Adam Smith
1729,Dominique Webb
4056,Timothy Robertson
2153,Jeremiah Taylor
3837,Derek Rodriguez
2862,Kevin Simpson
958,Suzanne Lewis
3175,David Rojas
4940,Matthew Taylor
1156,Kelsey Wyatt
2664,Elizabeth Lang
4622,Jason Thompson
3430,Gregory Mcdowell
1107,Cathy Duncan
1125,Amy Bishop
4235,Daniel Ryan
1523,Deborah Williams
362,Warren Hunt
3355,Robert Cook
562,Michael Howell
4404,Lisa Shaffer
700,Jeffrey Greene
1384,Samuel Adams
1481,Michael Martin
3867,Jason Carr
2131,Melissa Hall
1859,Samantha Rodriguez
4410,Dr. Sherry Jacobs
968,Barbara Mccoy
3481,Duane Brady
201,Gabriel Castillo
2209,Toni Rosales
188,Bethany Flynn
4345,Debra Meza
667,Danielle Hart
541,Annette Cummings
156,Lindsay Lin
879,David Harris
3069,Alexander James
3327,Emily Romero
3445,Ryan English Jr.
2907,Deanna Morrow
880,Nancy Bryant
1570,Mr. Jeremiah Williams DDS
4029,Kyle Weaver
3215,Chris Cole
4519,Brandon Frederick
3923,Jenna Miller
823,Angela Russell
3400,Timothy Rivera
2141,Joshua Garcia
3741,Frank Carroll
1985,Anthony Jimenez
386,Joyce Stephens
3139,Lisa Barnes
3515,Larry Meyers
959,David Vega
1369,Heather Ramos
1527,Yvonne Mccormick
2646,Steven Martinez
4393,William Lambert
1130,Tanya Powell
1690,Jeremy Aguirre
2443,Brian Brown
2948,Jasmine Black
3906,Ivan Combs
835,Louis Holt
662,Chelsea Ellis
1685,Jill Pittman
1122,Mackenzie Hill
607,Amanda Ingram
1705,Mr. Chad Bowman Jr.
90,Brandi Carter
1758,Sheila Rhodes
3804,Brenda Richards
4592,Nicole Espinoza
1372,Philip Ramos
3031,Robert Gregory
4514,Edward Carlson
2510,Miguel Thompson
1435,Jerry Wilson
3248,Brian Dickson
993,Michelle Mercado
1065,Philip Sanford
2329,Paul Jones
3986,David Wong
1395,Alicia Holt
2190,Ronald Scott
356,Jennifer Buck
2273,Sarah Rogers
2116,Brian Davis
4685,Dr. Melissa Ball
3740,Mandy Mcclain
771,Dylan Fisher
3368,Leslie Key
2727,Thomas Walton
2412,Mrs. Janice Nichols
161,Francisco Riggs
3771,Stephanie Edwards
1200,Amy Robinson
3939,Amanda Beck
1849,James Flores
3898,Brittany Flores
810,Zachary Moore
371,Bridget Moody
1215,Robert Rhodes
3074,Dominique Walker
4172,Lisa Gilbert
4978,Daniel Hull
4915,Tony Reynolds
3593,Nicole Eaton
1793,Jasmine Sellers
3544,Jasmine Miller
1534,Cynthia Roberts
3550,Jesus Steele
2943,Jacqueline Carr
4400,Michelle Lee
2276,Jason Walsh
619,Jessica Wallace
2906,Sierra Khan
416,Aaron Christian
3630,Bradley Evans
2277,Jody Johnson
2242,Emily Dean
4262,Nicole Brooks
526,Ryan Martinez
843,Mary English
4287,Barbara Hayes
1535,Lisa Thomas
4975,John Torres
1452,Allison Cobb
1394,Jonathan Smith
2363,Edward Cowan
4024,Patricia Hughes
4704,Mr. Carlos Byrd
209,Amanda Russell
4630,Jaime Ferguson
1589,Lindsey Guzman
3699,Leonard Warren
1108,Cindy Gonzalez
427,Kimberly Bridges
2789,Denise Perez
4397,Alex Lane
3647,Desiree Ross
578,Michael Bailey
4650,Sheryl Palmer
2947,Robyn Hogan
1568,Michael Richardson
2730,Justin James
3425,Lauren Miller
2350,Cole Nash
4663,Todd Osborne
4852,Cynthia Young
1319,Christopher Cooper
723,Briana Hernandez
4874,Ashley Williams
4313,Jessica Hall
3610,Connie Nelson
4059,Maria Mccoy
2322,Michael Castillo
1718,Pamela Gutierrez
205,Roger Cole
3673,Lauren Cross
3683,Cody Cervantes
3005,Wesley Garcia
1998,Renee Mitchell
2919,Jessica Pierce
3875,John Meyer
601,Cody Combs
2547,Pamela Welch
2647,Tonya Martinez
1325,Michael Mason
846,Julia Mason
1790,Michelle Chen
4782,Andrea Miller
4532,Christine Miller
1235,Robert Cross
4263,Jose Woods
2470,Eric Jones
1840,Bobby Nguyen
2849,Charles Chavez
4129,Cassandra Dixon
4194,Justin Garcia
2319,Jessica Dominguez
3324,Matthew Blake
966,Brendan Hall
799,Selena Allen
3389,Ellen Barnes
3365,Jordan Jackson
1016,Danielle Olson
3153,Amanda Choi
207,Melissa Graves
859,Elizabeth Mosley
3255,Rebecca Reed
2167,Vincent White
3323,Nancy Green
4621,Dr. Andrew Bond
1804,Jonathan Payne
2353,Cory Martin
3820,Dale Cole
903,Gary Russo
4921,Patrick Olsen
4814,Christine Johnson
3464,Ashley Bailey
235,Brandon Hernandez
4412,Alyssa Farmer
2181,Jeanette Aguilar
464,Vickie Cook
4715,Ryan Thompson
1328,Robert Matthews
1219,William Howard
3113,Luis Garner
121,Justin Thomas
4224,Christopher Parker
4394,Theresa Madden
4317,Ronnie Hawkins
3506,Jason Oconnor
4407,Jacob Hughes
2425,Bryce Clark
2000,Dana Matthews
2372,Michael Ramirez
4748,William Anderson
3778,Andrea Schmidt
2732,Sarah Hartman
3180,Bailey Reed
3174,Donna Warren
4322,Taylor Spence
415,Kathryn Buckley
730,Angela Lindsey
1454,Nicholas Robinson
145,Kevin Elliott
359,Isaac Gutierrez
118,Johnny Brown
1263,Paige Byrd
1179,Anne Estrada
509,Emily Dixon
80,Krista Mcguire
3127,Kyle Houston
3303,Ashlee Hernandez
2970,Claudia Cuevas
3477,Ryan Wood
3984,Tiffany Mann
4203,Katherine Ramos
214,Christie Hester
3693,Debra Dominguez
332,Austin Buckley
782,Gregory Walters
3538,Jessica Whitehead
1197,Jennifer Henderson
4945,Seth Silva
4363,Amber Rogers
2974,Becky Jefferson
634,Richard Green
4963,Todd Parker MD
3526,Joseph Johnson
4944,Bailey Ramos
1222,Susan Reynolds
4244,Kathleen Hogan
1788,Katherine Mason
1855,Jeffrey Barrera
709,Ronnie Campbell
296,Jennifer Fernandez
4577,Monica Stewart
499,Mrs. Kristin Bowers DVM
1053,John Kennedy
3497,Robert Wood
4426,Anthony Jones
2734,Nathan Hernandez
3407,Deborah Parks
3266,Shannon Roman
4230,Kimberly Phillips
638,Mr. Joseph Moyer
4678,Jordan Lewis
129,Lindsey Le
2668,Alyssa Nixon
4050,Steven Banks
831,Casey Anderson
3359,Timothy Cobb
54,Gina Klein
4462,Kristy Valdez
96,Richard Campbell
1692,Evan Davis
4760,Susan Nelson
1767,Brenda Mann
3380,Dwayne Shepard
3235,Gerald Hughes
3483,Valerie Kelly
2879,Andrea Tanner
1888,Joel Kelley PhD
4809,John Bishop
4705,Maria Smith
659,Melissa Estrada
2090,Jennifer Adams
2025,Charlene Cervantes
4035,Dr. Michael Massey
4868,Darin Bates
2447,Stephanie Gonzales
3642,Breanna Johnston
3295,Joshua Brown
381,Michelle Castillo
4001,Kristen Rice
4854,Valerie Jenkins
1818,Amber Martin
4640,Justin Scott
1265,Elizabeth Smith
1342,Lisa Smith
376,Debra Harris
3644,Sara Holt
3184,Susan Lang
1285,Tyler Kennedy
2110,Heather Reed
2391,Kirsten Taylor
1977,Jonathan Williams
3508,Stephanie Blackwell
4185,Margaret Bolton
1438,Angela Todd
4636,Sara Lee
3799,David Mills
2975,Alexis Glover
1880,Ann Reynolds
845,Priscilla Bailey
1442,Laura Rodriguez
27,Kristen Olson
587,Carolyn Boyer
956,Sarah Kaufman
1306,James Moyer
2637,Daniel Adams
113,Gregory Becker
4877,Christina Williams
1656,Denise Smith
3111,Matthew Castillo
117,Brett Herring
2987,Eric Lowe
200,Brittany Morales
1856,Danielle White
2307,Jacqueline Rodriguez
1446,Jeffrey Johnson
2445,Douglas Garcia
3547,James Lamb
4941,Paula Cook
1140,Amanda Owens
948,Hannah Stout
2080,Sierra Hernandez
962,Linda Kelly
2758,Ryan Harris
1522,Brent Russell
2969,Kelly Howard
4392,Lauren James
4658,Rebecca Fry
588,Bonnie Glenn
4879,Sierra Cobb
4757,Jennifer Thomas
2685,Steven Barnes
1314,Brian Rivera
4157,Alexander Haley
1957,John Donovan
749,James Ramirez
686,Michael Schneider
3710,Stephen Johnson
3103,Ryan Oneill
2365,Catherine Burch
1560,Diamond Wong
4484,Christopher Hodges II
3181,Vernon Hardy
2769,Kayla Morales
2763,Julie Fleming
74,Jeffery Richardson
2461,Jeffery Garcia
1253,Mark Kramer
3567,Jennifer Miller
567,Geoffrey Warner
4168,Jacob Sullivan
1805,Amanda Burgess
1270,Jerry Hess
4895,Michael Savage
3009,Adriana Simmons
1738,April Bryant
4360,Julie Allen
2892,Lauren Kidd MD
1626,Melissa Taylor
3247,Richard Miranda
1229,Charles Ward
3383,Natalie Clayton
3100,Carolyn Martinez
1115,Christian Stewart
1276,John Oneill
849,Taylor Munoz
2145,Vanessa Richardson
199,Elizabeth Valenzuela
2973,Sheila Roach
2692,Summer Cook
2806,David Stanley
1023,Mariah Steele
2115,Jonathon Davis
4277,Erika Thompson
759,Kevin Rogers
4227,John Glenn
4477,Joseph Young
35,Jesse Stafford DDS
299,Teresa Morales
1975,Amy Davis
1866,Dawn Hubbard
4022,Jared Osborne
3985,Paula Taylor
4949,Annette Joyce
3894,Ian Evans
3634,Mark Howard
4804,Todd Anderson
2235,Angela Green
13,Michael Brown
3081,Matthew Miller
4995,John Carter
2207,Andrew Olsen
1851,Edward Smith
615,Kristina Martinez
1114,Susan Hull
510,Zachary Shelton
922,Zachary Powell
2154,Antonio Jensen DVM
2095,Andrea Vang
4935,Edwin Bryant
3776,Michael Martin
2894,Justin Romero
528,Daniel Frank
2198,Mrs. Tamara Goodman
2726,James Riley
2488,Ryan Weber
4725,Brandon Werner
2483,Tracy Armstrong
4998,Crystal Smith
2523,Ryan Thomas
4286,Gregory Wallace
4769,Ruben Herrera III
2954,Stephen Christensen
3781,Joshua Lee
4717,Leslie Grimes
874,James Johnson
773,Lynn Bender
2978,Benjamin Hunt
797,Anthony Williams
3921,Debbie Blackwell
3079,Patricia Turner
2525,Maurice Sweeney
4336,Isaac Taylor
3046,Daniel Reid
594,Tiffany Young
770,Christopher Walker
1622,Alison Peters
818,Karen Evans
4096,Melanie Johnson
674,Charles Hernandez
2531,Dr. Nicholas Roman
3682,Jose Barron Jr.
1609,Kristy Sims
4346,Shirley Ruiz
3992,Danielle Graham
491,Patricia Thornton
14,Jon Chambers
4834,Mark Stone
1211,Joseph Manning
3835,Matthew Martin
917,Jennifer Combs
3998,Angie Morris
506,Aimee White
2182,Amanda Davis
3694,Catherine Brown
34,David Smith
413,John Rodriguez
522,Douglas Bernard
4605,Renee Moore
1330,Steven Thompson
513,Karen Bruce
468,Holly Edwards
3168,Justin Young
3210,Shawn Gill
2681,Angela Campbell
2604,David Murphy
2076,Betty Barnes
3761,David Carter
2846,Robert Martinez
3085,Jeffrey Pierce
1095,Tyler Walker
2246,Robert Palmer
3883,Steven Stewart
1621,James Brown
4756,Jesse Beck
8,Kristi Graham
892,Christine Fisher
2375,Mark Campbell
477,Aaron Hamilton
2609,Paul Maynard
1331,Lindsay Jimenez
2249,Jennifer Norris
2224,Cynthia White
3218,Alexa Underwood
2693,Katie Hodge
4680,David Moore
719,Megan Maxwell
3313,Cody Mitchell
1994,David Pearson
2997,Thomas Preston
1431,Courtney Lopez
4243,Nicholas Hall
4077,Julie Johnson
3152,Tina Cardenas
1379,Breanna Jacobs
3762,Haley Ortiz
88,Andrea Martinez
1988,Emily Hill
423,Sarah Oneill
738,Jamie Allen
4011,Monica Ramirez
3447,Courtney Lawrence
4212,April Johnson
488,Mallory Reeves
177,Terry Vargas
2620,Alyssa Smith
33,Barbara Byrd
4505,William Mcdaniel
4289,Hunter Miller
1464,David Douglas
626,Lisa Allen
1789,Carrie Ward
3552,George Miller
2471,Billy Carter
3807,Felicia Grant
19,Tanya Wong
189,April Sims
4173,Jon Ferrell
2068,Marvin Brooks
2165,Amy Lewis
2816,Jimmy Freeman
4423,Timothy Cantu MD
1183,Robert Berry
4614,Shelby Erickson
1927,Valerie Arroyo
3734,Deborah Clark
1911,Sarah Lindsey
3750,Tammy Humphrey
4364,Amber Shea
2373,Timothy Buck
2294,Danielle Rodgers
3611,Kyle James
1162,Natasha Guzman
2212,Robert Porter
4788,Daisy Anderson
4745,Christopher Wells
1147,Scott Jordan
1914,Travis Castillo
391,Phillip Smith
4205,Erin Ross
101,Bob Bell
4889,John Perez
2148,Michelle Garcia
1037,Edward Marsh
306,Nicholas Garcia
2513,Nicholas Fields
3116,Aaron Morse
733,Amanda Flores
1784,Zachary Pacheco
3186,Tim Harrison
4933,Diane Greene
3969,John Taylor
1323,James Smith
1347,Andrew Banks
238,Jennifer Nelson
1199,Jacob Andersen
606,Michelle Huynh
3876,Jenna Novak
4436,Catherine Hull
3844,Andrea Griffin
2359,Devon Jones
4142,Robert Brown
3457,Dustin Francis
4425,Tracy Zimmerman
1238,Michael Stephens
473,Erik Graves
4445,Curtis Sullivan
1397,Angelica Baird
596,Andre Brown
4419,Alexandra Fisher
3696,Jason Lee
3763,Dylan Miller
1004,Kimberly Page
2562,Randy Neal
112,Jill Reed
1045,Jessica Little
3773,Tracy Snyder
0,Jason Miller
3493,Michael Ramirez
4057,Craig Evans
4701,Cynthia Davis
1916,Heather Fox
3510,Michael Rowe
783,Ryan Thomas
2543,Melanie Norman
1032,Gregory Alvarado
3988,William Knight
4618,Julie Gill
2303,Mitchell Wiggins
1480,Kevin Costa
608,Karen Terrell
314,Walter Lawson
3934,Katrina Johnson
4808,Charles Stevenson
1800,Kerry Moore
2271,Edward Lopez
1383,Kevin Wilson
1074,Brian Marks
4080,Lisa Sutton
763,Nicole Holmes DDS
3946,Julie Lucas
544,John Galloway
2011,Charlene Wilson
383,Brian Mcdaniel
2665,Joanne King
3768,Timothy Richards
1104,Madison Nelson
2553,Joanna Robinson
4209,Denise Williams
3351,Emily Edwards
3495,Paul Henry
309,Joshua Rodriguez Jr.
2274,Randy Nichols
1536,Patrick Leonard
2301,Melissa Mcdaniel
4885,Miranda Morris
3953,Elizabeth Franklin
554,Diana Vincent
1097,Samantha Bennett
3490,Keith Scott
4114,Jessica Hubbard
4825,Rebecca Rivera
390,David Cannon
3024,Michelle Sanders
1796,Christopher Kim
555,Harold Garza
1518,Amber Hatfield
4864,Jennifer Brown
3930,Yolanda Robles
4200,Kim Cruz
1711,Destiny Jimenez
1641,Elizabeth Davis
482,Grant Webster
790,Zachary Chambers
3489,Felicia Sanchez
1652,Marcus Park
2962,James Arias
4188,Anthony Simmons
4000,Alyssa Bush
580,Kimberly Becker
1205,Billy Berry
1585,Michael Barber
2071,Mary Adkins
1649,Dawn Harrington
3279,Nathan Tran
3516,Shawn Lewis
3233,Andrea Thomas
1272,Chris Lopez
2503,Rebecca Russell
2818,Mrs. Gabriella Meyers DDS
909,Shane Kelly
1388,Laura Acevedo
4268,Wesley Estes
3102,Mrs. Faith Sexton
887,Melissa Contreras
3520,Kendra Osborne
1623,Caleb Harris
2136,David Maddox
4238,Melanie Craig
2021,Jacqueline Thornton
2898,Audrey Woods
1899,Eric Robinson
4936,Ann Mooney
2600,Jennifer Phillips
1403,Sherri Hart
551,Sarah Martinez
1806,Matthew Potter
1992,Elizabeth Burgess
2424,Julie Anderson
1762,Matthew Simpson
2830,Kimberly Rice
575,John Maynard
1224,Sandra Blake
3723,Anthony Wall
4381,Scott Murphy
1194,Susan Brooks
1456,Michael Williams
4665,Todd Austin
2835,Herbert Reid
3726,Michael Bautista
1908,Erica Rodriguez
2063,Patrick Osborne
851,Tammie Clark
746,Christian Lawrence
4575,Jessica Carter
4601,Bethany Clements
2201,Tanya Norris
4116,Patrick Burch
2655,Mario Henderson
1558,David Bowen
3886,Sarah Chung
4490,Janice Love
1185,Regina Martin
2963,Jake Cisneros
283,Jake Nelson
300,Jeffrey Jones
1123,Manuel Fleming
4729,Alicia Lopez
2444,Keith Mendez
3322,Erika Rivera
4466,William Tucker
4981,Megan Dixon
1935,Ricky Jones
1042,Seth Fernandez
1401,Edward Mendoza MD
1775,Gabrielle Compton
2644,Joshua Taylor MD
1012,Michelle Blair
1392,Danielle Horne
3959,David Vargas
2847,Courtney Colon
2222,Alex Burns
334,Melissa Spears
3318,Anthony Rubio
1039,Lisa Campbell
3134,Dillon Craig
1753,Sandra Solomon
3570,Dan Campbell
1412,Kirk Goodwin
2902,Marissa Odonnell
4496,Shawn Shelton
646,Ashley Kelley
1870,Candice Holmes
4053,David Perry
401,Joyce Santiago
4937,Whitney Sharp
1791,John Melendez
4594,Cody Park
4399,Dominique Morton
422,Gregory Johnson
584,Stephen Walters
1491,Mr. Jeffrey Young MD
2687,Sheila Davis
15,Hannah Rivera
935,Cynthia Smith
3075,Katherine Baker
862,Justin Simmons
3511,Frank Taylor
4983,Kevin Thomas
2967,Benjamin Long
3304,Sharon Klein
3957,Colin Chavez
2491,Mr. Frank Cochran
3636,Christina Davis
3025,Dylan Weiss
2170,Tony Ryan
2697,Melissa Gonzalez
2744,Tonya Lewis
37,Roger Chen
1597,Joseph Cook
1083,William Thomas
1498,Gregory Cooper
3537,Hannah Mora
1088,Alexander Ellis
1374,Jordan Edwards
2836,Samantha Huffman
2798,Joshua Simmons
4739,Russell Lopez
3042,Robert Chandler
990,Richard Acosta
4710,Megan Johnson DDS
3345,Margaret Spencer
2706,Anthony Sanchez
3974,Nicole Wheeler
688,Matthew Richardson
4742,Travis Miles
3084,Natasha Page
4896,Andrea Simmons
3263,Lisa Cervantes
2089,Christopher Murray
2255,Elizabeth Thompson
4534,Madeline Patterson
480,Deborah Castillo
1370,Kimberly Lynch
63,Laurie Shea
4072,Joshua Mccall
4795,Michelle Martinez
3278,Kevin Brown
1765,Edward Reed
889,Paula Lopez
3892,Michelle White
2827,Angel Benson
4607,Morgan Gordon
4012,Keith Phelps
3739,Mary Sullivan
2324,Erica Martinez
3802,Sarah Moore
802,Michael Benson
4997,Jennifer Kennedy
752,Frank Warren
168,Maria Hughes
4926,Paula Robertson
3968,Antonio Rogers
1490,Keith Sanchez
1885,Cody Rios
190,Sheila Butler
4413,Heather Clark
1415,Emily Howell
3461,Shannon Chang
2593,William Morris
4347,Timothy Wells
3569,Sharon Wells
3419,Alison Knight
1884,Cheryl Jacobson
4256,Barbara Vincent
1439,Sherry Whitehead
179,Courtney Vincent
4273,Tonya Cruz
3159,Shawn Garcia
1593,Jennifer Terry
424,Diane Watkins
4565,Sharon Rodriguez
4546,Tracy Santiago
151,Meredith Koch
50,Jeffrey Diaz
2401,Ian Walker
890,Denise Kramer
2101,Mark Kennedy
409,Jerry Gross
26,Calvin Taylor
221,Amber Proctor
3408,Jacob Ortega
3716,Jennifer Armstrong
3821,Paul Yu
1833,Christopher Ward
1007,Ellen Murphy
4666,Robyn Osborne
3633,Natasha Fletcher
228,John Freeman
2656,Timothy Combs
2325,Eduardo Jenkins
4384,Teresa Taylor
4208,John Patterson
4161,Robin Scott
3030,Joseph Medina
1741,Christine Reyes
457,Jesus Brown
105,Dr. Elizabeth Lawson
3440,Lisa Gomez
2135,Theresa Rangel
4488,Angela Gaines
884,Allison Hammond
3245,Robert Cunningham
4086,Melissa Mueller
3494,Justin Brown
4731,Emily Hill
2673,Nathan Yang
1504,Erica Gay
3089,Thomas Garcia
3967,Sarah Doyle
4724,Melissa Ochoa
3503,Kathryn Olsen
3435,Dr. Denise Lewis
1013,Steven Gomez
3834,Melissa Gonzalez
4422,Debra Yang
881,Dana Williams
3501,Renee Miller
4055,Kayla Swanson
2210,Theresa Gonzales
2993,Ana Gonzalez
1565,Paul Cameron
2302,Rhonda Warren
3514,Jack Jacobs
1639,Scott Thompson
2809,Troy Smith
4633,Linda Mcgee
3281,Rebecca Williams
353,Krystal Carter
2695,Danielle Jones
1406,Emily Johnson
2633,Kendra Castillo
1881,Jason Skinner
4871,Kristin Bender
2308,Caleb Hayes
4508,Jason Moore
639,Steven Adams
93,Dominic Hurst
2320,Kayla Hobbs
1410,Katrina Dorsey
3315,Andrew Simmons
481,Anna Vang
4855,Tina Weaver
3730,Daniel Kelley
2775,Russell Patel
4349,Brandi Smith
2036,Kathryn Collins
3008,Bryce Barrera
41,Isabella Lee
2891,Gabriela Carter
2433,Jason Reed
4210,Stephen Miller
2380,Tyler Reed
4467,Mr. Alan Zimmerman MD
882,Gregory Clark
4217,Angela Mcguire
3076,Matthew Kim
2546,Alexander Johnston
3997,Melinda Perez
561,Trevor Baker
2885,Anthony Parker
3164,Ronald Hayes
1897,Michael Morrison
324,Justin Jones
1172,Laura Brown
4838,Michael Parker
1387,Daniel Hanson
661,Erik Hernandez
4036,Zachary Higgins
3991,Michael Williams
138,Jose Johnson
4714,Stephanie Miller
4215,Jennifer Colon
660,Rebecca Wyatt
227,George Simmons
164,Hannah Reyes
724,Sherry Taylor
1367,Troy Harrison
2502,Rachael Nelson
2860,Leslie King
2545,Christine Foster
288,Matthew Sanchez
3940,Jessica Combs
865,Stephen Smith
3549,Joseph Huang
754,Mark Shannon
2001,Craig Baker
915,Candice Duncan
2938,Lucas Scott
1942,Adam Russell
2482,Troy Gomez
3444,Stephanie Strickland
3935,Ronnie Friedman
3745,Joseph Powell
99,Amy Williams
4766,Frank Jones
107,Charles Thompson
3785,Kelly Howell
3879,Kyle Johnson
446,Brian Thompson
3976,Brett Franco
419,Janet Wiley
1135,Marissa Mack
1087,Jason Diaz
195,Robert Anderson
2679,Adrian Nixon
2538,Russell Hoffman
644,Edward Watkins
3070,James Snow
3827,John Rogers
868,Shane Sanchez
4634,Katherine Smith
1241,Lisa Gordon
1245,Kristina Phillips
4232,Gregory Pacheco
1702,Joseph Henry
344,Daniel Holland
3823,Angela Nixon
3659,Samantha Duncan
2300,Charles Lynch
3178,Tracey Smith
3700,David Donaldson
4568,Crystal Petersen
2504,Daniel Bowman
1602,Brenda Henry
1999,Brenda Taylor
1287,Daniel Edwards
1217,Ms. Jessica Johnson
2564,Jacob Velez
756,Jessica Martinez
432,Keith Morgan
4181,Robert Miller
622,Brooke Fuller
1364,Melissa Green
4452,Dillon Butler
2029,Steven Blanchard
3767,Thomas Warren
3697,Jennifer Arroyo
4358,Julie Stone
3066,Richard White
4910,Allison Miller
2075,Richard Finley
3695,Linda Scott
815,Cheryl Boyd
2486,Phillip Clarke
1465,Michelle Martin
1819,Michelle Salinas
4060,Tammy Hayes
1748,Alexandra Banks
4365,Patrick Graham
1709,Matthew Austin
2914,Amber Copeland
2558,Bradley Marshall
1209,Samantha Webster
399,Nathan Fowler
4069,Denise Romero
1365,Ethan Hudson
1500,Richard Cook
2729,Katie May
443,Gloria Hernandez
3061,Audrey Baker
3131,Angela Watson
841,Jessica Valentine PhD
4743,Emily Webb
4865,Mary Hamilton
442,Belinda Good
1230,Erica Flynn
4314,Daniel Martinez
2514,Bill Martin
4548,Carl West
4372,Nicole Campbell
3720,Dr. Christina Sullivan
1423,Paul Henderson
3792,Eric English
3651,Victoria Guerrero
2361,Leah Wilson
4646,Beth Smith
2286,Abigail Fox
1492,David Cummings
1043,Arthur Watson
937,Seth Mitchell
666,Joshua Thompson
2599,Mary Proctor
3460,Shawn Reid
2950,Chad Thomas
4878,Anthony Donaldson
3975,Janet Flores
4723,Kristin Williams
2399,Charles Hutchinson
1078,Timothy Smith
4420,Joel May
1964,John Moore MD
2371,Charles Meyers
613,Jessica Hill
1311,Aaron Williams
4970,John Jones
3918,Harry Weiss
2040,Johnny Long
1555,Nicholas Miller
4450,Veronica Fisher
3271,Erin Robinson
1688,Jermaine Garrett
4195,Sabrina Valencia
1460,Emily Martinez
4370,Kimberly Lewis
1054,Cassie Bryant
2933,Gerald Thomas
3050,Brandon Weber
1943,Alejandro Brown
2161,Andrea Mcintyre
3621,Christopher Blair
4330,Pamela Phillips MD
1541,Michael Peters
454,Joanna Henry
1976,Pamela Brown
3690,Connor Rodriguez
3527,Danielle Murphy
3757,Ethan Wilson
2031,Kenneth Lee
472,Paula Ferrell
932,Brett Lewis
2343,Brenda Carson
3088,Beverly Becker
2378,Sherri Brooks
2478,Steven Williams
3624,Nicholas Ryan
4087,Matthew Franklin
1400,Russell Hartman
695,Paul Hall
2357,Warren Duncan
3362,Stephanie Moore
2542,Whitney Summers DDS
574,Cory Ross
4137,Karen Burgess
2267,Thomas Rocha
3749,Tyler Nelson
2052,Benjamin Morris
1545,Joe Collier
4806,Maureen Osborne
2484,Matthew Humphrey Jr.
4984,Steven Mack
4242,Dr. Craig Ware
1984,Kathryn Davis MD
3119,Alex Stanley
836,Rodney Bailey
187,Samantha Mcintosh
3609,Tracy Smith
665,Larry Ferrell
1787,Brandon Rogers
1949,Michael Sullivan
51,Allison Gardner
2262,Gregory Faulkner
1875,Frank Jones
1969,Debbie Ramirez
643,Rose Navarro
2156,Douglas Watson
3676,Jay Martin
3367,Jonathan Johnson
3105,Travis Baldwin
3669,Colleen Bates
337,Jordan Travis
785,Margaret Benson
4491,Aaron Montgomery
708,Kari Morgan
4720,Diamond Schneider
2339,Brandon Smith
2929,Jonathan Simmons
2014,Elijah Prince
1614,Bruce Chan
1251,Brett Reyes
210,Mr. Eddie Hall DDS
2690,Melissa Norton
1894,Jason Mejia
4367,Dustin Bowman
1798,Tiffany Simpson
1010,Brianna Ryan
4319,Mark King
3742,Brooke Gardner
4996,Mark Rivas
3960,Jessica Freeman
2147,Nancy Robinson
3258,Stephen Wright
3825,Chris Reynolds
3594,Cynthia Ortiz
1424,Benjamin Tapia
1930,Mercedes Stevenson
812,Timothy Bush
2837,Barbara Bishop
4,Jay Craig MD
4099,Anthony Jackson
2128,Nicole Nguyen
115,James Jenkins
714,Jennifer Moore
4265,Joseph Hayes II
3406,Martin Perez
10,Danielle Garza
119,Ms. Sarah Diaz
257,Dustin Jones
3433,Victoria Murray
4629,Brett Hicks
4580,Joe Tucker
478,Christina Cannon
829,Beverly Norris
4849,Deborah Soto
1749,Justin Huff
3135,Richard Jones
230,Shelley Knapp
3574,Jonathan Valdez
204,Stephen Clark
1629,Amy Jenkins
418,Denise Davis DDS
2983,Maria Moore
3873,Cameron Peterson
4126,Donald Russell
895,Lucas Lynch
469,Dr. Melissa Wang
960,Kayla Maxwell
2582,Peter Osborn
2228,Kristopher Tran
234,Kelli Martin MD
971,Andrew Lee DDS
4456,Christopher Glover
883,Vickie Riley
3349,Alice Patterson
1696,Richard Forbes
1151,Jennifer Hatfield
2127,Barbara Gallagher
1754,Jill Walker
3641,Debbie Vaughan
311,David Callahan
1044,Allison Williams
897,Colleen Henson
2991,George Mullen
940,Janice Schmidt
4449,Christopher Young
4839,Faith Moody
1563,Carlos Moore
4928,Samantha Medina
350,Kathleen Pearson
86,Oscar Hernandez
4587,Roger Mccormick
3251,Craig Myers
2442,Pamela Green
2187,Melissa Cruz
1745,Chase Hinton
4833,Kelly Parker
854,Daniel Bailey
78,Loretta Moss
2774,Jody Sanchez
809,Manuel Lawson
900,Brian Campbell
2814,Christopher Blackwell
2134,Wayne Ward
2394,Felicia Parker
3793,Nicholas Smith
3311,Amy Hammond
3865,Russell Martinez
2912,Cory Boyd
4932,Sharon Green
3591,Noah Jones
92,Jodi Allen
1315,Darren Porter
4408,Ronald Fitzpatrick
4898,Tasha Koch
2699,Cody Williams
2606,Kenneth Bennett
1666,Sharon Boyd
100,Sheila Ferrell
4712,Cindy Vance
3893,Brittany Mitchell
2500,Devon Cook
1815,Terry Li
46,Jacqueline Johnson
4493,Michael Brock
2680,Ashley Diaz
2887,Anthony Ramirez
4563,Sean Richards
2194,Debra Smith
2202,Scott Miles
2825,William Miller
1978,Kevin Johnson
2489,Jacob Gonzalez
3451,Lisa Rodriguez
186,Tony Walsh
3275,Angela Glenn
2392,Lauren Cox
1337,Francis Wolf
2208,Alex Murphy DVM
4524,Annette Pennington
722,Jeffrey Roman
4002,Tina Cook
4557,Joshua May
1834,James Myers
1862,Anthony Jones
1052,Cheryl Vance DDS
2903,Stephanie Cochran
1773,Laura Fisher
1320,Joann Rush
2746,Austin Edwards
4711,Benjamin Jones
3177,Stephanie Beard
3370,Travis Jones
4499,Patricia Barrett
1416,Rebecca Taylor
122,Nancy Watkins
3033,Robert Mitchell
3474,Carly Duke
2755,Lisa Boyd
4105,Justin Ford
3545,Timothy Barnes
1721,Amanda Smith
364,Heather Grant
2289,John Livingston
4146,James Bolton
3513,Destiny Hayes
2337,Dr. Stephanie Hayes DVM
295,Eric Carter
3462,Lauren Davenport
4158,John Mathis
4612,Christina Jones MD
1066,Shawn Singh
1928,Lisa Hayes
232,Julie Mejia
672,Michael Ferguson
4025,Ryan Johnson
2454,Jose Price
1887,Kristen Scott
3613,Timothy Sutton MD
411,James Gomez
2245,Hannah Ross
2395,Heather Wade
3735,Katherine Curtis
1771,Mallory Mcdonald
1192,Stephen Deleon
3480,Connie Reynolds
1860,Victoria Davis
310,Jesus Long MD
1953,Stephanie Phillips
2230,Adam Thornton
2901,Charles Walker
2607,Roy Lawrence
1361,Kimberly Olson
412,Matthew Lloyd
2802,Erin Roberts
1386,Joshua Lopez
4115,Stephanie Frank
2163,Nicole Perez
1159,Jacqueline Gomez MD
276,Morgan Barber
4130,Amanda Manning
4677,Ricky Reynolds
2981,Mitchell Blake
3048,Lindsey Logan
2641,Beth Wade
1453,Jesus Anderson
2852,Gregory Wilson
1525,Joshua Huber
538,Corey Burgess
3284,Timothy Rodriguez
2541,Kayla Newman
4543,Nicholas Murray
1116,Christopher Simon
2834,Kayla Lopez
2867,Daniel Francis
3101,Jessica Chapman
1680,Lindsey Bond
2735,Gregory Smith
2171,Matthew Lam
4156,Jerry Davidson
4374,Sally Boyle
866,Cassandra Black
2338,Ryan Smith
2241,Jeffrey Simpson
4718,Laura Williamson
817,Jill Snyder
2986,Michael Henson
1321,Leah King
2360,Tiffany Haley
167,Heather Anderson
1682,Austin Hayes
2403,Annette Tyler
2462,Michelle Stone
304,Yvonne Carter
4772,Becky Martinez
1008,Olivia Wang
3661,Steven Lopez
2768,Christopher Chang
869,David White
1494,Scott Watson
2608,Daniel Foster
1025,Brian Garcia
4414,Francisco Barrett
4009,John Small
3744,Daniel Armstrong
322,Leslie Meyer
2280,Erica Miller
3951,Joseph Mack
3582,Sharon Ferguson
223,Ryan Lee
9,Eric Walsh
4905,Wesley Henry
4390,Heather Black
2013,Samuel Greene
3803,John Keller
2269,Sean Elliott
4234,Sean Lewis
891,Megan Morgan
1683,Raymond Moore
4643,Brittany Price
269,Kevin Whitaker
250,Rachel Oliver
4799,Christopher Huerta
3836,Julia Lowe
3753,Mr. David Collins
3268,Eric Morgan
2283,Nicholas Ramirez
2653,Andrew Cross
3428,Elijah Morales
4258,James Stevens
648,Jason Sims
1598,Jodi Moran
1638,Evelyn Wilson
4147,Heather Ward
4641,Anthony Barnes
4861,Eric Flowers
68,Patrick Woodward
266,Jared Walters
1019,Edwin Whitney
1594,Sergio Perkins
4684,John Wright
1247,Sandra Mccullough
3664,Ronald Anderson
170,Sherri Meza
920,Betty Silva
4437,Richard Fisher
618,Kathryn Sullivan
1643,Carol Freeman
774,Joseph Schmidt
2439,Timothy Franco
3274,Anna Moore
4166,David Clark
2936,Bryan Walker
4988,Anthony Reeves
289,Sandra Wade
3201,Sarah Flores
303,Michael Ryan
2225,Cindy Lewis
4155,Mathew Evans
2935,Robert Cruz
3663,Mrs. Kathryn Landry
2185,Nicholas Mcbride
3195,Caitlin White
1375,Daniel Webb
807,Kenneth Roberts
3236,Craig Smith
1089,Gabriel Santana
1630,Amy Coffey
2265,Terry Guzman
1817,Tracy Walker
651,Ashley Jones
2092,Frank Perez
1302,Steven Stewart MD
2718,Jessica Reyes
3707,Howard Jones
2696,Jennifer Walter
2311,Hannah Green
735,Rebecca Stevens
3870,Sara Hoover
3589,Norma Hunt
3087,Jeffrey Mercer
2528,Mark Petersen
2261,Madeline Salazar
4014,John Young
1573,Michelle Smith
3420,Lisa Summers
29,Erin Thompson
2119,Jessica Hernandez
3626,Alicia Grant
3840,Gregory Wheeler
3941,David Rivera
3530,Connie Griffin
3529,Cynthia Brown
392,Aaron Miles
1237,Daniel Clark
2341,Jeffrey Morrison
116,Betty Dickson
2781,Jennifer Gordon
3756,William Wagner
3191,Jill Simmons
4045,Gina Nunez
3027,Garrett Burton
1073,James Hall
1316,Jeffrey Thompson
726,Shelly Reyes
2595,Joshua French
1047,Debra Day
1279,Tyler Mullins
3649,Patrick Vaughan
4438,Joel Burns
173,James Delgado
3535,Amanda Reeves
1896,Anna Mcclain
556,William Miller
1001,Shawn Walters
963,Robert Shaw
2643,David Campbell
1997,Kenneth Stephenson
2030,Bradley Hampton
3831,Karen Taylor
1922,Brandon Burton
4090,Timothy Lucas
3309,Bobby Rodriguez
130,John Bell
1820,Bryan Moore
4764,Kristen Ross
2544,John Gonzales
3553,James Johnson
2882,Roy Singh
1495,Shawn Cross
616,Diana Mcclure
3090,Andrew Odom
109,Walter Walter
434,Sharon Morrison
3932,Edwin Klein
2066,Justin Reed
4914,Matthew Jimenez PhD
450,Brittany Wilson
4690,Kaitlyn Johnson
4821,David Henry
1278,Michael Thomas MD
4182,Thomas Sosa
1232,Pamela Potter
148,Alex Johnson
3006,Dawn Johnson
3618,Ann Goodman
2270,Amber Stevenson
2590,Melissa Shah
1739,Ethan Jackson
2598,Marilyn Hines
260,Amanda Garcia
3931,Angela Malone
1668,Michael Murphy
1720,Jim Riley
2114,Jill Hernandez
690,Victoria Archer
2804,Steven Jones
4121,Eileen Morse
3577,Arthur Smith
931,Alexis Lee
4880,Mrs. Robin Walter
4674,Lisa Foster MD
4647,Christine Barnes
2532,Dana Wells
2785,Roger Burns
1310,Greg Barnes
456,Jeffrey Dixon
360,Christine Stevens
1336,Laurie Russell
1907,Shane Harrington
388,Michael Shelton
1584,Latoya Thomas
3282,Stacey Snyder
4873,Lauren White
4321,Sarah Carson
2041,Alicia Erickson
701,Peggy Davis
3384,Teresa Thompson
2663,Austin Knight
741,James Martin
4104,Jonathan Mooney
4683,Tyler Ruiz
1592,Jon Rodriguez
3502,Keith Mays
995,Alicia Alexander
2926,Heather Torres
3525,Christine Conway
2857,Abigail Copeland
3775,Scott Hayes
4385,Craig Gaines
1281,Shelby Tucker
2211,Helen Juarez
2142,Linda Brock
2326,Kevin Jones
4054,Deborah Jones
3395,Nicholas Morris MD
2032,Steven Callahan
4497,Ian Powell
1188,Dustin Scott
4169,Allison Wagner
712,Frank Snow
4007,Peter Murray
3504,Peter Rowe
1809,Jason Diaz
2584,Brenda Daniel
1858,Anna Cline
2955,Daniel Adams
3718,Jordan Douglas
1117,Gabrielle Cook
1299,Leah Henry
2792,Jessica Torres
2630,Joshua Roberts
4697,Marcus Hampton
4713,David Baird
3563,Megan Moore
1180,Michael Anthony
760,Charles Adkins
4789,Frank Chung
2971,Miss Andrea Casey
1408,Matthew Marsh
2515,Denise Lane
4559,Calvin Perry
3456,Richard Hartman
2535,Brandy Hahn
1588,Patrick Mills
872,Patricia Salazar MD
4598,Michael Williamson
4231,Mark Allison
4547,Michelle Archer
2704,Donald Lopez
4986,Erica Carroll
493,Rachel Brown
4538,James Ruiz
1289,Ashlee Hayes
2327,Steven Murphy
248,Robert Galloway
4429,Danielle Peters
3454,Laura Gutierrez
4058,Laura Mercer DDS
2817,Thomas Bishop
17,Jennifer Hill
2766,Amy Smith
4402,Elizabeth Mckenzie
135,Natalie Williams
4993,Tonya Cline
281,Morgan Trujillo
240,Preston Pierce
2284,Erin Ewing
2713,Shane Ho
2577,Joseph Palmer
1694,Michael Mckinney
4620,Amanda Stokes
4615,Robert Gomez
265,Sheila Lindsey
4942,Brian Preston
3166,Maria Chang
4722,Katie Mckay
1513,William Gregory
3269,Anthony Pham
3310,Natalie Boyd
2223,Sarah Bryant
2049,Jeremy Harris
758,David Miller
294,Jason Olson
873,Rebekah Alexander
3137,Amanda Wagner
208,Crystal Warren
4649,Adam Jones
4428,Robert Garrison
4637,Olivia King
3784,Ryan Hines
3234,Sarah Holmes
3253,Mason Mcneil
1903,Robin Jackson
369,Kim Hendricks
3717,Brandon Briggs
2790,Kristen Rodriguez
3297,Nicholas Mcclure
2189,David Perez
4225,Maureen Strong
4689,Roberta Beard
3378,Zachary Banks
114,Meghan Edwards
4727,Eric Hill
3302,William Peterson
1882,Jennifer Love
2386,Shelby Sanchez
1893,Jennifer Jones
2951,Thomas Morris
1119,Selena Anderson
4655,Scott Montgomery
1417,Jacob Wells
307,Mr. Mitchell Kidd
795,Timothy Levine
1642,Michelle Sanchez
4797,Joyce Cole
4939,Randy Brock
4609,Rebecca Osborne
137,Edwin Chase
2905,Matthew Carr
315,Kelly Parker
3546,James Collins
2229,David Hernandez
4652,Melissa Waller
552,Erica Bush
4483,Shane Davis
4213,Sharon Jones
4164,Christopher Young
3026,Susan Allen
1671,Rebecca Vargas
4474,Alexander Gardner
1886,Leslie Garcia
4929,Miguel Chambers
765,Dylan Miller
4117,Gerald Hurst
4311,Louis Arroyo
2994,Amy Harrell
964,Haley Cruz
4699,Christopher Lane
2485,Angela Yu
2234,Emily Roberts
3452,Mr. Derek Barrett
3573,Theodore Williams
3586,Kevin Powers
3779,Lisa Sanders
3944,Kristie Willis
1356,Walter Ballard
4511,Donna Jones
1550,Mrs. Jennifer Fisher MD
2634,Joshua Banks II
4015,Marisa Thompson
2437,Timothy Mullins
3011,Michelle Arellano
1706,Christian Hayes
2006,Joshua Walton
4775,Amanda Ramirez
2379,Andrea Wood
2414,Steven Vincent
1213,Javier Bird
2536,Dylan Vargas
3751,Thomas Campbell
39,Shannon Ramirez
2881,Brittany Schultz
4954,Jason Newton
2409,Kimberly Wilson
1434,Nathan Little
925,Raymond Rogers
767,William Christensen
3816,Paul Thomas
3786,Leslie Rice
2060,Lindsay Mccoy
3202,Tina Davis
1268,Dr. Laura Cooper MD
792,Timothy Webb
4843,Victor Jackson
1506,Karl Patterson
3151,Cody Hernandez
4528,Cody Hernandez
2054,Gary Smith
1768,William Strong
3777,Kristi Barton
452,Dr. Shari Hernandez
2123,Donald Fitzpatrick
3607,Andrew Young
4406,Joshua Evans
548,Cassandra Brown
4494,Beth Perez
4832,Caroline Lara DDS
1475,Christian Mcdonald
1991,David Shepherd
157,Lydia Reese
715,Terry Moore
2258,Kevin Brock
4446,Julie Frederick
3446,Marissa Greene
3004,Jeremy Meyer
3652,Shelby Hudson
2586,Glenn Pearson MD
268,David Sanchez
1713,Angelica Spears
4813,Jennifer Robbins
1678,Michael Smith
1684,Hector Dyer
4759,Steven Alvarez
2400,Sarah Grant
2796,Tara Hines
4145,Susan Gonzales
3381,Judy Williams
2130,Teresa Mann
1962,Kelli Taylor
1645,Michael Wong
3770,Ronald Hernandez
1829,Cindy Fisher
244,Meredith Kim
4943,David Deleon
2526,Kevin Davis
3562,Christopher Jenkins MD
4679,Donna Horton
4083,Carrie Powers
2920,Ashley Thompson
3200,Colleen May
3722,Corey Matthews
3216,Nicole Murphy
3431,Brian Jones
1488,Tammy Long
282,Debra Fitzgerald
4831,Jessica Valentine
4325,Brian Gomez
4500,Jordan Smith
3961,Evelyn Marshall
3650,Erica Miller
2551,Lauren Fischer
2522,Justin Miller
3213,John Williams
4376,Joshua Lopez
711,Daniel Huynh DVM
441,Gregory Russell
4034,Angel Taylor
3158,Mr. Nicolas White MD
192,Aaron Wright
4857,Billy Salazar
226,Krista Cortez
1826,Joanna Horne
2118,Bryan Smith
1064,Richard Hall
4241,Jon Rodriguez
2215,Catherine Robinson
3938,Paul Reid
3654,Donald Guzman
1057,Jonathan Aguirre
2002,Amber Green
2051,Wesley Lee
947,Todd Murphy MD
3470,Ernest Cruz
431,James Vasquez
4783,Carol Carpenter
4918,Linda Jones
2540,Mary Rodriguez
4076,Cynthia Lawrence
4590,Justin Hunt
245,Heidi Clark
70,Jennifer Brooks
3715,Andrew Hansen
3320,Brenda Brown
1486,Jose Johnson
2348,Kimberly Wright
1548,Scott Smith
4207,Jacob Preston
4876,Tiffany Ross
4976,Alice Kirby DVM
529,Matthew Williams
1357,Michelle Holland
2621,Jack Fernandez
3486,Timothy Mclaughlin
3559,Jordan Walsh
3617,Julia Williams
4109,Eric Frost
3396,Madison Jones
4811,Mr. Jason Kelley
4424,Andrew Humphrey
2007,Paul Brown
3092,Wayne Ruiz
2866,Melissa Tucker
42,Cynthia Strickland
2038,Joshua Bush
347,Katie Harrell
4248,Madeline Sanchez
3292,Rebecca Aguilar
470,Kevin Jordan
1578,Joshua Nguyen
1823,Jacqueline Ortiz
1092,Karen Castaneda
3911,Laura Ray
2995,Barry Phillips
3059,Randall Kennedy
1482,Arthur Gonzales
379,Scott Hensley
2956,Valerie Hunt
1827,Johnny Wagner
1572,Dr. Linda Burnett
4848,Kimberly Parker
1902,Erin Torres
2675,Shelley Elliott
3887,Sarah Bell
989,Jeremy Acevedo Jr.
447,Jeremy Everett
16,Ethan Newman
2585,James Gray
1841,James Garcia
955,Michael Glover
3241,Mary Bennett
1936,Robert Cole
716,Jennifer Reed
772,Christine King
698,Sydney Grant
702,Austin Short
2200,Rachel Nelson
1845,Kenneth Caldwell
4817,Thomas Braun
382,Karen Johnson
3219,James Evans
1742,Daniel Reid
4733,Monica Gross
582,Gerald Finley
3357,Amanda Campos
734,Lisa Harper
4752,Daniel Klein
4644,Carolyn Stout
4246,Ryan Johnson
1920,Jimmy Smith
438,Veronica Smith
4030,Courtney Gordon
264,Molly Smith
4567,Joshua Jackson
1877,Ashley Phillips
1778,Joseph Miller
3668,Donna Myers
2519,Mark Rodriguez
1033,Randy James
2100,Jared Fox
2155,Daniel Hall
2812,Andrew Jackson
3857,John Wilson
1022,Natasha Campbell
2239,Matthew Cooper
2832,Annette Sullivan
2376,Anna Smith
2012,Kimberly Steele
3846,Kathy Smith
4639,Steven Garcia
908,Karen Randall
2467,Mrs. Jamie King
1026,Alexander Rivera
4741,Mercedes Madden
2501,Francisco Walker
4661,Shaun Johnson
4267,Rose Santos
4447,Danielle Figueroa
3635,Jessica Baker
1136,Albert Green
1329,Michelle Smith
1300,Jennifer Jennings
4850,Angela Salinas
1165,Mr. Jason Barton PhD
3036,Angela Rice
1472,James Wright
2404,Joanne Lopez
1308,Joyce Martinez
4064,Austin Hurley
4616,Angela Neal
1901,Mary Acevedo
535,Kathy Gonzalez
3774,Chelsey Castillo
3871,Brandon Good
1390,Jacob Richardson
847,Jared Smith
2173,Elizabeth Wright
1150,Kimberly Parrish
1301,Tonya Smith
1349,Jason Thomas
3500,Christina Bryant
2659,John Davenport
4233,Laura Hunt
1722,Marissa Adams
2132,Mr. Andrew Cox MD
2355,Nicole Solis
3524,Bethany Castro DDS
4006,Nicole Kelly
4803,Michael Sharp
4113,Alex Hall
4853,Zachary Mason
3809,Danny Rogers
2702,Mr. David Neal
4433,Joshua Miller
1795,Lisa Rogers
1701,Tyler Hoover
906,Sharon Burns
3305,Michael Navarro
3453,Michael Bishop
476,Kimberly Peterson MD
764,Jennifer Roberson
1,Kathryn Whitaker
4912,Anthony Lang
768,Kim Dodson
2252,Andrea Walker
888,Brenda Castaneda
1611,Jacqueline Mathis
1580,Rebecca Rodgers
2757,Matthew Miller Jr.
1987,Curtis Hernandez
512,Meghan Butler
485,Barbara Shaw
1966,Michael Wells
1466,Kevin Wu
2377,Mark Ray
1227,Thomas Smith
654,Edgar Lopez
1109,Tara Hoover
2468,Kayla Monroe
2434,Ms. Angie Hamilton
1995,Jonathan Marquez
3578,Michael Jackson II
4740,Mary Moore
3869,Mia Brown
2465,Nicole Leach
3704,Scott Tanner
669,Kimberly Mcguire
2913,Carolyn Jones
4584,Kenneth Stark
1304,Chelsea Lopez
2964,Ariel Pruitt
3713,Justin Bridges
2199,Bryan Smith
377,Bianca Adams
4846,Courtney Jones
343,Olivia Kaiser
1223,Janice Bender
2716,Stephanie Smith
1346,Jasmin Garza
4823,Jared Williams
819,Mr. Theodore Goodman IV
2120,Sara Allen
4416,Amy Turner
2385,Amanda Smith
3204,Thomas Schroeder
2061,James Kelley
3505,Amanda Reed
241,Desiree Ford
2415,Anna Burke
755,Andrew Tate
4421,Jennifer Harmon
4031,Amy Lopez
518,Mike Norton
3065,Brandi Kane
3207,Richard Jackson
1532,Joseph Walker
1730,Richard Hill
2707,Anthony Bernard
2742,Nicole Cain
2390,Victoria Johnson
4323,Alexander Peterson
4657,Mark Pace Jr.
3928,Kimberly Woodward
3721,Oscar Wright
215,Rachel Mason
12,Tony Webb
355,Michael Brady
2737,Jill Simmons
3824,Kayla Stephenson
986,Amber Shea
2917,Nicholas Garrett
2487,Benjamin Henry
980,Rachel Leach
184,Wesley Larsen
171,Marissa Sanders
1766,Jonathan Rice
2099,Xavier Smith
3916,Summer Young
4457,Philip Peterson
2260,Tanner Hooper
2151,Richard Howard
2292,Danielle Miranda
496,Heather Holt
82,Becky Daniels
595,Heather Hayden
1854,Victor Durham
1900,Luis Reynolds
1277,Robert Lynn
3922,Sally Fisher
923,Brittany Walker
3595,Patrick Meyers
4190,Karen Nicholson
2389,Yolanda Coleman
3121,Mark Hernandez
536,Joseph Horton
236,Victoria Buckley
2957,Kristen Hodge
3021,Carolyn Anderson
998,Joshua Hughes
2243,Shane Harris
3473,Kenneth Thompson
2287,Tracy Johnson
71,Derrick Montoya
1587,Dale Hale
4966,Kenneth Morse
4487,Jonathan Walker
1571,Maria Myers
4047,Matthew Collins
2055,Robert Oneal
1352,Julie Owens
2232,Emily Bailey
1871,Nathan Mckinney
4442,Megan Hendricks
787,Sarah Shaw
4379,Gwendolyn Chase
3748,Brittany Crane
975,Darrell Perez
4593,Holly White
653,Alexis Ross
2111,Karen Sharp
4143,Louis Wright
4840,Paula Scott
3872,Joseph Vance
4596,Joanne Jenkins
3414,Hannah Miller
2490,Elizabeth Miller
3110,Shane Lee
1700,Sarah Sanchez
751,George Gonzalez
3725,Matthew Santiago
2046,Sean Wolfe
357,Christina Duncan
2762,Andrea Cruz
3584,Hayley Whitney
4049,Brandi Reyes
2077,Gabriel Washington
2423,William Wong
181,Kimberly Rivera
1058,Daisy Gregory
2157,Bradley Knight
1082,Mike Ferguson
4842,Erica Ferguson
3950,Judy Williams
3209,Ethan Parsons
1214,Kelly Turner
2420,Allison Taylor
1549,Terri Harris
139,Louis Rodriguez
985,Sarah Lewis
1239,Wayne Moyer
3077,Michael Rodriguez
988,Sarah Reese
4478,Michael Buchanan
4021,Jessica Jordan
3712,Gabriella Frank
3860,Leah Wright
2924,Emily Mckinney
4305,Tabitha Ortiz
3706,Matthew Haas
3645,Dana Peters
4019,Stephen Ross
2506,Brittney Bowers
871,Anthony Harrison
219,Jonathan Hines
2107,Paul Myers
2985,Amy Brown
2759,Cheryl Jones
4480,John Hull
2282,Hannah Taylor
2015,Joseph Garcia
3491,Mark Kennedy
3145,Tina Abbott
3339,Katherine Benson
1303,Morgan Ferguson PhD
2839,Christina Jones
2452,Kathleen Reed
3049,Alexa Cooke
3439,Anthony Wagner
2421,Rebecca Graham
4600,Amber Garcia
2803,Eddie Morales
4515,Rebecca Graham
2878,Bobby Gonzalez
4588,Anita Hernandez
2676,Karen Gonzalez
212,Deborah Hogan
2195,Christopher Murphy
4537,Allison Pittman
2166,Heather Mejia
2430,Omar Graham
3874,Elizabeth Morgan
4202,Timothy Cox
393,Cameron Hernandez
676,Richard Taylor
3614,Bobby Stewart
4307,Charles Acosta
1038,Clinton Perry
396,Jerry Mckenzie
3199,Eric Martin
2859,Jeff Lane
822,Lisa Deleon
2688,Sydney Hernandez
2450,Rebecca Harrison
2555,Andrea Andrade
4123,Laura Li
4971,Jonathan Johnston
4735,Derek Rivera
4362,Lisa Shea
4280,Stephen Hendrix
3964,Ryan Abbott
2784,Alice Patel
2091,Michaela Long
18,Dawn Abbott
3128,Cassie Grimes
842,Rebecca Mccarty
1324,Michael Martin
1981,Charles Taylor
1970,Lisa Mccall
1077,Kristin Martin
1971,Caitlyn Martinez
2297,Mrs. Jenna Wilson
342,Marcia Jones
1275,Jeffrey Gilbert
2703,Kara Wilson
2226,Mr. Nicholas Simmons
4686,Keith Ibarra
2574,Ashley Torres
1483,Tanya Zimmerman
4651,John Perez
2164,Sandra Williams
1931,David Phillips
1476,Samantha Morrow
4977,Eric Douglas
4925,Taylor Lopez
3051,Dr. Manuel Lester
2714,Dustin Jones
590,Toni Mata
2725,Chad Snow
3398,Diane Compton
2441,Shelly Thompson
3920,Susan Simmons
4343,Tracy Black
3625,Christine Dickerson
3082,Tammie Norman
4334,Nathaniel Webster
4841,Jamie Turner
1526,Karen Schaefer
656,Michelle Griffin
425,Brent Jacobson
4773,Brian Stewart
3421,Savannah Nixon
894,Michelle Sanchez
3863,Sarah Young
4529,Robert Baker
4165,Thomas Simmons
1334,Blake Ryan
2464,Courtney Thomas
3864,Roberto Scott
1463,Randy Butler
103,Zachary Cardenas
942,Raymond Smith
2672,April Baird PhD
2689,Mallory Houston
4093,Christian Garrett
2539,Crystal Lewis
24,Ryan Brown
1427,Laura Faulkner
696,Paul Davis
3436,Christopher White
2889,Scott Perez
3910,Dylan Holmes
3572,Crystal Crawford
4092,Lauren Duran
4501,Lindsey Wagner
1244,Lisa Maxwell
3426,Tracy Smith
623,Rachel Bennett
2351,Sabrina Cannon
3833,Charlene Hendricks
505,Leroy Stokes
4369,Patrick Gonzalez
4709,Samantha Krueger
2992,Elizabeth Black
2533,Carmen Thompson
4693,Lisa Campbell
1517,Dominique Stewart
467,Michael Black
1599,Stephen Lopez
4219,Christopher Soto
2826,Anthony Rowland
1559,Ronald Holland
4350,Jennifer Nixon
4551,Ann Cook
3294,Jennifer Schwartz
2876,Daniel Burton
2103,Charles Schneider
3913,Holly Reynolds
1782,Michael Rosario
1714,Dr. Joshua Sanchez
285,Julie Johnson
941,Melody Arnold
69,Jose Patterson
370,Carlos Pena
3167,Jennifer Shaw
3936,Tammy Robbins
1292,Wendy Colon MD
1317,Clayton Watkins
4292,Rhonda Lutz
2024,Steven Meyer
1955,Stephanie Harris
2843,Courtney Walker
573,Christine Harper
3290,Bruce Garcia
3264,Jessica Fox
1511,Deborah Lopez
4008,Shelby Osborne
3917,Michael Schneider
1254,Rita Powers
3890,Brian Olson
3881,Tyrone Nelson
4719,Andrea Peterson
519,Jeremy Spears
1485,Heather Jones
2139,Timothy Bennett
1780,Kristin Ramsey
308,Travis Torres
1830,Jeffery Lester
3028,Gabriel Martin
1664,Jose Young
814,Meredith Willis
3148,Amanda Bridges
1048,Christina Davis
1457,Douglas Baker
3539,Eric Murphy
3965,Samuel Brown
3083,Glenn King
3171,Charles Myers
1234,Mathew Long
2381,Jennifer Johnson
534,Charles Gonzales
2752,Corey Hamilton
4922,Ronald Taylor
4290,Mrs. Julie Myers
4589,Jacob Robinson
3227,Morgan Meyers
4127,Nicholas Richardson
1312,Angela French
1686,Janet Howard
1878,Andre Stout
4669,Catherine Gonzalez
1737,Lori Flores
4903,Chad Horn
4065,Kenneth Robertson
1322,Kimberly Bautista MD
4583,Emily Jones
3758,Keith Arroyo
3095,John Hernandez
3521,Tanya Harrison
3280,Keith Johnson
4229,Daniel Rodriguez PhD
2214,Jamie Washington
2779,William Davidson
3156,Christopher Berry
3455,Nathaniel Potter
1359,Luke Preston
3639,Christine Krueger
547,Terry Ellison
3344,Leslie Chang
2272,Molly Bond
3597,Adam Jackson
2953,Dillon Huff
182,Taylor Johnson
977,John White
1443,David Mendez
853,Jason Payne
4749,Mark Grant
4184,Crystal Huff
2701,Tim Brewer
4687,Melissa Cervantes
1258,Todd Anderson
2807,Ronald Fleming
4411,Sarah Lynch
2088,Rebekah Dean
789,Justin Jackson
1231,Alexandra Nunez
1017,Dr. Jeff Smith MD
4448,Margaret Lopez
152,Mr. Jon Perez
2019,Megan Bradley
2345,Monica Carter
3319,Allen Ramirez
3146,Devin Bryant
4902,Kristina Stewart
4110,Ms. Tracey Graham DDS
243,Elizabeth Davis
3531,Leslie Rangel
1469,Peter Byrd
1376,Teresa Shelton
2705,Derrick Moore
3112,Caleb Jones
389,Jordan Powell
1046,Douglas Small
1341,Julie Price
4867,Autumn Lynch
813,Jonathan Lloyd
4845,Teresa Bridges
494,Amanda Romero
4255,Diana Singleton
4261,Larry Chase
2217,Stephen Wallace
3411,Leonard Williams
2709,Angela Hamilton
394,Mary Wallace
3000,Robin Clark
581,Mason Avery
1176,James Ramirez
3933,Susan Mason
864,Donald Garrison
1432,Sarah Sexton
225,Frank Johnson
2408,Vincent Parker
83,Carol Olson
3330,Mrs. Carolyn Johns
4199,James Gardner
1474,Abigail Jones
1531,Steven Dunn
4326,Sandra Garcia
2073,Lori Burnett
2650,Alan Schroeder
4473,Brenda Hill
3307,David Nelson
4216,Richard Hooper
3966,Sandra Hart DVM
3947,Joseph Glenn
3556,Steve Clark
4498,Anthony Mack
2406,Andrea Mills
1725,Timothy Gonzales
2448,Penny Rogers
1521,Kenneth Morrow
1716,Howard Mckinney
3937,Jared Reed
766,Marcus Schmitt
4552,Erin Frazier
3942,Patricia Hines
1433,Tyler Oliver
3375,Tara Koch
4288,Dawn Olsen
4026,Russell Thompson
1256,Christopher Moore
4187,Mr. Jack Perkins
417,John Lewis
3034,Charles Black
4818,William Smith
3390,Michael Cole
2629,Amy Reynolds
1015,Lisa Brown
3709,Russell Collins
1723,Kimberly Brown
4455,Lindsey King
1533,Lindsay Gardner
3909,Heidi Petersen
1420,Dana Miller
4561,Andrew Mendoza
3401,Joseph Smith
1925,Alexandra Werner
3058,Jason Young
4819,Todd White
60,Angela Scott
3979,Edgar Glover
3646,Victoria Jones
4893,Manuel Gray MD
2946,Tyler Young
4973,Tina Johnson
2632,Sean Taylor DDS
3418,Richard Rose
657,Steve Nguyen
1041,Sara Smith
3566,Marc Smith
3221,Bryan Mcconnell
3366,Miss Tammy Marsh
3603,Matthew Little
560,Louis Jackson
2657,Riley Williams
178,Xavier Torres
2760,Crystal Phelps
3296,Bradley Lyons
202,Christina Edwards
4927,Michael Chavez
4461,David Brown
3813,Alexandra Silva
2927,Leslie Durham
3078,Tony Vazquez
2561,Robert Warren
2328,Denise Alvarez
2481,Brittney Alexander
2838,Sarah Jones
144,Sherry Shepherd
3782,Lee Stanley
1654,Michelle Rogers
649,Richard Clark
3970,Sarah Miller
1091,Carlos Moore
237,Edgar Hamilton
1355,Colleen Jenkins
609,Ryan Smith
539,Kelly Arroyo
3098,Dillon Flores
2844,Christina Weaver
4062,Tammy Franklin
2047,Danielle Mckay
2058,Mark Hicks
4245,Cheyenne Morton
1797,Jennifer Matthews
1021,Alexander Harris
3766,Christopher West
2035,Jennifer Jackson
804,Christina Moran
2851,Carlos Cochran
4956,Lindsey Gray
1635,Lauren Bautista
428,Destiny Herrera
3924,David Cox
321,Erin Collins
4081,Megan Choi
2592,Mitchell Sanchez
2366,Dominique Ibarra
2218,Jason Nelson
1835,John Ryan
280,Antonio Webster
3478,Joel Herman
2934,Megan Park
2186,Stephen Ortiz PhD
4917,Amber Morrison
3896,John Barry
1644,Gail Smith
3244,Denise Ford
2197,Manuel Petty
25,Belinda Rivas
778,Phyllis Wright
2805,David Stone
3382,Michelle Mayer
3321,Kristina Browning
3532,Brandon Welch
4403,Christopher Mayo
2908,Michael King
3754,Lucas Lopez
4613,Sally Johnson
4198,Shane Smith
4386,Danielle Vasquez
3747,Paul Hull
4373,Edward Kent MD
1810,Thomas Schneider
3927,Amber Scott
737,Matthew Patel
1141,John Phillips
1198,Russell Mccormick
3914,Kenneth Leach
2133,Russell Gallagher IV
1333,Patricia Moore
1280,Kimberly Pruitt
2033,Mary Beard
1603,Kimberly Fischer
3032,Sarah Wilson
4732,Rachel Powers
4862,Mark Fuller
2396,Samantha Gregory
2336,Nicholas Townsend
2045,Ryan Mcclain
4962,Paul Cruz
4539,Selena Fleming
830,Eric Cook
1973,Dylan Kennedy
126,Amanda Davis
349,Donald Peterson
4465,Richard Walls
3518,Robert Joseph
4768,Gina West
2070,Andrew Fernandez
3982,Amber Hall
875,Jessica Smith
3905,Gabrielle Dickson
3677,Michael Johnson
4798,Sarah Pineda
3106,Kenneth Walker
4924,Michael Cooper
978,Steve Harris
1708,Lisa Johnston
3878,Lauren Davis
440,Daniel Thomas MD
1458,Adam Klein
3606,Susan Johnson
475,Charles Anderson
4527,Stephanie Lam
1960,Kayla Adams
76,Cristian Gibson
2794,Marissa Myers
4913,Martin Thomas
4510,Kristine Lee
3585,Colleen Martinez
750,Daniel Garcia
4576,Carolyn Fuentes
1750,Marco Franklin
3880,Stephen Cortez
154,Jose Cruz
4786,Samuel Delgado
403,Tina Wells
3273,Kristin Hernandez
3020,John Fox
2636,Jeremy Brown
1945,Kristen Hobbs
3376,Carolyn Marshall
2700,Kimberly Le
1031,Jeffrey Sutton
1515,Mr. Gavin Irwin DVM
2717,Lorraine Doyle
2266,Jason Murillo
397,Adam Ramirez
2422,Richard Burke
2731,Daniel Vasquez
762,Dennis Lewis
3800,John Ibarra
4574,Jay Reed
1703,Morgan Olson
1934,Christian Perez
3983,Joseph Peterson
4958,Chad Wilson
3067,Steven Williams
1968,Matthew Collins
1294,Sergio Richardson
4856,Walter Taylor
1181,David Myers
3232,Melissa Hall
4688,Bill Rowe
2534,Lynn Miller
3522,Todd Thompson
1098,Laura Pearson
3987,Kristin Freeman
2418,Natalie Flores
3973,Craig Alexander
4671,Mark Scott
1127,Robert Reese
2429,Colleen Yates
1273,Amy Elliott
3958,John Love
1298,Barbara Brown
1081,Patrick Cabrera
861,Dale Small
2257,Douglas Riley
2939,Brady Young
4571,Katie Morton
1076,Mrs. Cheryl Scott PhD
4088,Kathryn Thomas
1429,Jacob Wright
261,Michelle Cooper
465,Emily Evans
85,Pamela Kemp
1586,Jaime Adams
2720,Jason Moon
4982,Shannon Cain
707,James Adams
4300,Jennifer Porter
4464,Scott Harris Jr.
133,Mr. Aaron Jones
2910,Kristina Walls
3925,Melissa Gamble
254,Steven Coffey
87,Willie Hayes
384,John Mcdowell
2140,Ruben Taylor
1059,Curtis Williams
2180,Patrick Knox
3432,Rachel Key
1105,Monica Hunter
31,Jennifer Brown
893,Cameron Cook
2417,Mr. Ian Gibson
2008,Tracey Johnson
4992,Kimberly Salinas
630,Jessica Davila
1924,Brooke Sawyer
4959,Karen Rocha
533,Alexis Frank
4504,Cheryl Dunn
1802,Melanie Mays
2845,Traci Banks
2841,Dawn Gray
387,Sarah Smith
899,Jermaine Hart
1727,Bobby Rocha
3012,Brent Schneider
2436,John Hunter
287,Jacob Alvarado
2778,Natalie Brooks
4960,Kenneth Mann
4051,Christina Friedman
1184,Colton Riggs
1351,Tiffany Lee
3981,Hannah Gregory
3808,Tammy Rosales
4252,Elizabeth Santana
858,Amanda Hall
3047,Gene Gates
3815,Terry Rojas
1228,Colleen Deleon
850,Cassandra Barnett
1035,Alexander Erickson
267,Robin Gilbert
3708,Stephanie Trujillo
1967,Victoria Montgomery
4972,Hailey George
3632,Justin Rocha
229,Kevin Williams
982,Christina Barnett
2086,Crystal Baker
1148,Dennis Peck
318,David Morrison
471,Jon Torres
517,Rachel Dixon
1528,Jennifer Cameron
4672,Dr. Brittany Mcbride
3099,David Lopez
537,Kim Ashley
2511,Diana Wong
2988,Karen White
193,Crystal Hernandez
251,Vanessa Mccormick
4738,Travis Gonzalez
3655,Joseph Meyer
3885,Jessica Lynch
1426,Elizabeth Harrison
681,Roger Gardner
4152,Vanessa Harper
981,Alison Richardson
3013,Dawn Melendez
1547,Michael Wallace
4236,Sarah Davis
1919,Zachary Wagner
4459,Jeffery Vega
2961,Douglas Reyes MD
4183,Michael Cook
325,Natasha Jackson
2932,Tiffany Campbell
670,Heather Anderson
3467,Timothy Ellison
4780,Eric Green
110,Mark Hernandez
4549,Jason Cox
604,Stephanie Potter
877,Tiffany Tran
368,Lori Peterson
1470,Antonio Nguyen
4340,Laurie Rush
4648,Shelly Lopez DVM
530,Kristin Smith
4492,Nicolas Cain
1752,Amy Molina
2018,Julia Morris
2248,Matthew Estes
1072,Theresa Bennett
1779,Jeffrey Blevins
1399,Matthew Martin
3018,Mercedes Gomez
2828,Mikayla Love
1368,Patricia Powell
1625,Jessica White
4884,Kristine Wallace
3588,David Joseph
2299,Sandra Chavez
1479,Lisa Henderson
3086,Roy Bell III
400,Donald Glover
4356,John Brown
4052,Karen Lewis
338,Jeremiah Pena
408,Edward Nicholson
2833,Dominic Weber
1734,Diane Williamson
4829,Cheryl Morris
2982,Matthew Hernandez
507,Nicholas Black
28,Mr. Joseph Hoffman DDS
2911,Christine Morrison
1448,Bruce Barr
1698,Wesley Anderson
3540,Tanner Jackson
1620,Shaun Anderson
2831,Jessica Gonzalez
3899,Brian Everett MD
2728,Anthony George
420,Connie Best
689,Brian Flores
4847,Brandy Smith
1061,Steven Williams
4516,Ryan Patrick
1869,Reginald Rivera
2984,Gary Hoffman
3346,Heather Sanchez
2306,Amber Simmons
59,Samantha White
3801,Kristopher Smith
3637,Megan Henderson
1794,Christopher Ferrell
860,Earl Jordan
2251,Dr. Andrew Jefferson
4259,Jason Nichols
3412,David Sexton
2965,Deborah Tyler
4736,Nicole Johnson
3703,Joanna White
2177,Ronald Glenn
1895,Valerie Solis
2678,Amanda Coleman
4573,Hannah Russell
3250,Sarah Perry
3691,Jasmine Stevens
218,Brandy Bates
3561,Felicia Walker
2499,Nathan Hall
1519,Scott Todd
2572,Jeffrey Clark
233,James Sanchez
568,Michael Hall
515,Stephanie Pierce
2507,Paul Higgins
2356,Mark Craig
1371,Sean Berry
3851,Michelle Rogers
4316,Brandon Padilla
2669,Nicholas Smith MD
4309,Kevin Williams
905,Jay Charles
4604,Lauren Stevenson
565,Meghan Jacobs
3369,Mr. Joshua Johnson
4192,Juan Perry
4282,Alexandra Mills
2064,Jennifer Garza
3331,Gerald Lyons
1940,Joshua Flynn
1954,Christine Massey
2009,Joseph Smith
4204,Julie Bennett DVM
2034,Steven Thompson
2349,Catherine Vasquez
4495,Stephanie Crawford
1131,Ashley Daniel
1360,Laura Johnson
4771,Deanna Nichols
4792,Jessica Williams
885,Mark Moore
579,David Reed
4606,Melissa Williams
2475,Jeffrey Clark
3189,Michael Conley
3926,Walter Matthews
4512,Alexandria Rangel
4070,Michael Green
2736,Alexandra Li
3733,Logan Stone
4627,Jonathon Webb
2419,Elizabeth Smith
677,Mr. Lee Castillo
380,Dustin Greer
3399,Jennifer Thomas
2840,Michael Shields
3487,Allen Thomas
1850,Jessica Walker
406,Austin Hernandez
640,James Ingram
2096,Richard Diaz
4016,Terry Case
3123,Victoria Wells
852,Mark Smith MD
2074,Tara Spence
961,Jeremy Harris
1566,Alan Brown
2027,Steven Cooper
1203,Kyle Cohen
1917,Sherry Green
4776,David Carson
1556,Patricia Martinez
4186,Megan Graham
1529,Christopher Blake
4570,Brittany Sanders
3665,Robert Lee
2773,Michelle Smith
916,Brent Jackson
3306,Sarah White DVM
800,Eric Chen
1813,Jennifer Summers
1717,Cheryl Cervantes
946,Tammy Smith
3,Kevin Martin
2402,Andrea Medina
67,Jesse Fleming
256,Mrs. Beth Morgan
3340,Karen Reyes
1138,Brittany Wiley
4274,Kim Mcclure
1848,Jose Le
4074,Sabrina Thomas
3314,Gloria Romero
2124,Helen Smith
4073,Kristine Gutierrez
1447,Cynthia Aguilar
2603,Joseph Hall
2072,Seth Hardy
952,Robert Chavez
4432,Kimberly Cole
1812,Tony Russell
3701,Alexander Stark
305,Scott Brooks
2213,Abigail Wilson
1070,Kimberly Thompson
361,Kenneth Hampton
1171,Pamela Kim
395,Manuel Richmond
4654,Christopher Garza
2176,Patrick Doyle
405,Kevin Marquez
2427,Lee Bray
2121,Peter Montoya
2616,Julie Harris
1667,Joseph Reynolds
1879,Jennifer Patrick
806,Megan Ellis
4815,Brooke Larson
3003,Gerald Johnson
682,Michelle Wilson
4520,Ashley Jenkins
3842,William Garcia
1601,Laura Turner
4275,Terry Reed
658,Ashley Fletcher
4812,Robert Moran
753,Ann Allen
1661,Amy White
1938,Stephanie Moore
2666,Nicholas Martinez
3830,Zachary Bowman
3729,Jonathan Clark
3783,Kimberly King
2079,Mary Li
2959,Gabrielle Diaz
1051,Dana Lewis
3798,Kyle Cooper
3068,Donald Burton
4619,Toni Sharp
3080,Rebecca Bishop
3096,Sheri Miller
1191,Rachel Jackson
3795,Rhonda Malone
3379,Donald Marquez
1956,Emily Baker
2745,Tanner Arias
4586,Andrew Banks
2479,Scott Perry
4779,Todd Newman
1225,Kelli Parrish
3165,Katherine Williams
2888,Benjamin Welch
2382,Jillian Patterson
4125,Aaron Williams
1728,Emily Boyd
3348,Andrew Pope
2438,Elizabeth Thompson
3091,Melissa Wallace
4136,Laura Fisher
559,Michelle Sampson
125,Christopher Jarvis
4269,Alan Barber
1544,Crystal Miller MD
1000,Troy Simmons
1539,Michael Winters
1348,Jose Rogers
4708,Christopher Evans
1891,Gabriel Colon
720,Alexander Curtis
3347,Anthony Weber
1233,Joshua Silva
1450,Benjamin Hall
4980,Kelly Roberts
2290,Crystal Greene
2739,Raymond Dean
745,Katelyn Wilson
4632,Susan Maldonado
907,Kimberly Johnson
1757,Rebecca Marsh
4475,Amanda Hall
2589,Richard Keller
1974,Marissa George
3372,Vanessa Espinoza
1503,Bryan Robinson
3157,Lisa Palmer
1440,Sarah Faulkner
1354,Brian Cruz
1786,Antonio Stewart
2856,Tina Harris
1634,Alicia Wood
3037,Jeremy King
2601,Mary Stokes
1378,Vickie Owens
4107,Jason Walker
2084,Stephanie Miller
954,Jeffery Moore
2864,Kathleen Fritz
3832,Alexis Barker
1190,Matthew Kidd
748,David Miller
2916,Lance Garcia
3977,Jermaine Lopez
1250,Jacob Harris
62,Matthew Schultz
317,Chad Miller
4004,Paul Reyes
824,Antonio Jones
3679,Nicole Suarez
2062,Glenda Rasmussen
1477,Ann Hull
451,Andrew Chavez
4222,Suzanne Gill
4800,Dr. Misty Johnston
1062,Jennifer Clark
1918,Tina Anderson
2268,Jessica Jones
1161,Cory Jackson
4131,Jon Brown
354,Kathleen Hill
4553,Stephen Dunn
1554,Alexander Cunningham
1307,Lisa Chavez
2771,Jacqueline Castillo
2023,Jeffery Stevens
3441,Allison Burgess
3714,Ernest Hayes
345,Jose Wood
550,Timothy Hart
258,Michael Miller
2684,Stanley Mitchell
429,Mary Robles
4754,Joseph Santana
2192,Karen Washington
2113,Holly Moore
191,Justin Lane
4211,Matthew Glenn
1923,James Melton
4046,David Watson
4075,Brenda Gilmore
3856,Brian Smith
3787,Riley Smith
1055,Michaela Tran
921,Melissa Chambers
1816,Valerie Miller
1036,Jennifer Webster
664,Fernando Tyler
3391,Michael Long
808,William Stewart
855,Timothy Randall
1071,James Weaver
2331,Roger Smith
2278,Sheila Hill
4128,Jennifer Brown
206,Samuel Doyle
1259,Ariel Green DDS
4398,David Pineda
1449,Jasmine Riddle
2923,Stephanie Graves
4875,Crystal Smith
1695,Roger Ortiz
599,Debra Anderson
3919,Nicole Greer
1892,Kristin Dyer
2677,Shane Jordan
3459,Carla Duke
3208,Brenda Gross
4824,Justin Carroll
593,Carl Fisher
1712,Michael Rodriguez
1989,Kathy Walker
3558,Victor French
4270,Jamie Lozano
1144,Rebecca Berry
4957,Christopher Rivera
2557,David Thompson
4860,Sandra Hays
1332,Adrian Nguyen
3256,Clayton Rodriguez
1842,Jennifer Nguyen
365,Brandon Holmes
2159,Kari Adkins
4920,Randy Ward
4134,Keith Sanchez
4295,Whitney Wallace
252,Kelli Brown
531,Marcia Carroll
1405,Michael Kaufman
583,Katherine Carter
4148,Christopher Diaz
72,Travis Evans
1950,Dylan Johnson
2549,Dana Thomas
4279,Stephanie Schwartz
3732,Angela Berry
3203,Lance Chandler
259,Mrs. Nancy Evans
2537,Mrs. Amber Fernandez
3862,Shelly Horton
2340,Sharon Hall
1204,Mrs. Brooke Johnson
111,Angela Williams
174,Adam Ramos
1220,Ann Gilbert
4489,Cynthia Buckley
4582,Laura Hubbard
2747,Fernando Peters
1612,Kimberly Hill
1075,Natasha Stevens
1959,Jeffrey Hubbard
3667,Lisa Hughes
1982,Rebecca Chavez
4961,Alan Moran
2782,Scott Richard
3287,Angela Sellers PhD
1507,Nina Ford
1168,Joshua Hurst
1689,Hannah Powell
3772,Dustin Velasquez
4329,Katherine Brown
4294,Christine Roth
32,Katrina Diaz
2996,Sean Burgess
4703,Mr. Daniel Sherman MD
183,Paula King
4250,Sandra Myers
4991,Olivia Carter
4387,Michael Alvarado
3972,Sean Barton
4560,Tyler Young
566,Beth Mayer
3206,Paul Hinton MD
1756,John Jackson
4141,Jennifer Hull
4628,Sherry Matthews
2639,Heather Robinson
2972,Elizabeth Sandoval
2244,Joseph Savage
94,Rachael Rodriguez
1844,Julia Patterson
38,Diana Mcneil
1663,Todd Miller
3415,Olivia Cruz
4335,Stephanie Villanueva
545,Leslie Jones
1939,Ronald Welch
2440,Maria Larson
2753,Shawna Nelson
2144,Michelle Allen
4502,Michael Mcclain
1615,Kevin Jones
2682,Timothy Medina
4653,Thomas Williams
2098,Jacob Owen
1575,Erik Johnson
4084,Brooke Jenkins
3223,Micheal Zamora
4746,Bobby Davenport
3605,Holly Hall
3853,Doris Parrish
1436,Bill Griffin
4089,Rachel Rodriguez
3363,Paul Singleton
612,Charles Mayo
1983,Adriana Baker
4899,Meghan Ramos
2619,Amy Walker
4341,Jessica Warner
697,Carl Russo
4694,Amy Miranda
1577,Andrew Steele
3438,Brandi Wilcox
1546,Scott Solomon
3017,Mary Daniel
3592,Marissa Mcdonald
4965,Michael Kelly
1128,Adam Jones MD
1226,Diane Hardy
2368,Gabriel Hernandez
2126,Evan Harvey
504,Devin Santiago
2811,Elizabeth Campos
1551,Michael Morse
2645,Brett Wilson
3410,Kathryn Rollins
611,Willie Pierce
329,Rose Wheeler
3265,Stephanie Franco
1221,Holly Miller MD
4396,Dustin Bishop
1670,Mr. Frank West
1380,Noah Ross
3507,Gary Benitez
4038,Terrence Rodriguez
3262,Thomas Miller
2,Emily Ware
4303,Phillip Adams
3671,Christopher Patterson
2823,Alyssa Pham
2105,Bruce Diaz
1086,Mark Humphrey
3427,Patricia Choi
4178,Amber Jensen
3055,Andrea Edwards
1763,Matthew Moran
617,Christine Owen
4118,Jasmine Herrera
2236,Jennifer Jones
3388,Danielle Henry
3249,Julie Rogers
1402,Ralph Salazar
2432,John Hopkins
769,David Mercado
3133,Kim Schultz
557,John Horton
57,Alexis Morgan
4071,Debra Ellis
2740,Tiffany Lowe
3509,Kathleen Thomas
1759,John Moreno
1889,Edward Hinton
1473,Nicholas Evans
1050,Justin Warner
4395,Christopher Sims
3954,Raymond Sloan
4758,Kevin Curtis
821,Maureen Murray
458,Rebecca Riley
1296,Jacqueline Alvarado
1112,Brandi Holland
4223,Dr. Pamela Sims
3335,Jesse Matthews
1249,Angela Cook
558,Jon Osborn
2497,Shirley Shaw
3354,Jeffrey Hurley
886,Richard Becker
1648,Hunter Andrade
1582,Jeffrey Hernandez
97,Lisa Newton
1343,Kevin Davis
2117,Adam Patterson
2626,Michael Ray
918,Tonya Sosa
483,Joshua Hunter
4540,Larry Bryan
1772,Andrew Garcia
4774,April Carter
3675,Shannon Grimes
2610,Adam Jackson
1843,Kimberly Williams
4357,Kevin Peck
2521,Alexander Davidson
576,Garrett Villanueva
3417,David Richardson
1831,Tonya Hartman
4037,Tom Henry
878,Monica Martin
1811,Michelle Taylor
4264,Lisa Clark
58,Jean Frost
2886,Madison Moore
692,John Hill
3122,Heather Scott
2495,Monica Williams
4337,Heather French
211,Joseph Gonzales
3392,Phillip Novak
2952,Michael Kane
2788,Yolanda Phillips
655,Mary Carrillo
4753,Colleen Sanders
448,Mike Williamson
4469,Kevin Davenport
3534,Dustin Kelley
970,Christine Hudson
4946,Jose Reeves
3136,Alexandra Wood
2314,Jessica Jones
943,William Owen
462,Greg Clark
2977,Kevin Dennis
4318,Jennifer Brown
2719,Mark Brown
2179,Zachary Jones
3170,Mark Cruz
2930,Brandon Wells
973,Patrick Bass
1102,Kathryn Pierce
2622,Cody Fletcher
4670,Eddie Bender
3929,Roberta Harvey
1883,Alicia Garcia
352,Rebecca Stevens
1145,Lisa Knight
3580,Marie Becker
4271,Denise Oneal
1905,Kaitlyn Gonzales
4892,Antonio Lopez
1861,Tammy Dunn
3805,Jason Small
3897,Thomas Phelps
1451,Arthur Schmidt
4974,David Smith
857,Cynthia Robinson
2191,Mr. Tyler Lucero MD
1350,Patrick Johnson
1160,Barbara Sherman
3276,Carla Sharp
3312,James Lyons
4041,Christopher Watts
1825,Deborah Smith
4486,Janet Boyd
3126,Jessica Chaney
3317,Kimberly Gray
1837,Scott Ortiz
1867,Christopher Rios
1735,Tammy Evans
2102,Natalie Munoz
2238,Anne Novak
1283,Miranda Castaneda
549,Brandi Fuentes
3387,Christine Drake
1910,James Mercer
1542,Gregory Jackson
1808,Amanda Armstrong
2037,Katherine Christensen
710,Julie Lane
4382,Megan Johnson
2256,Alexander Chen
4673,Randall Martin
2333,Juan Pacheco
4851,Cynthia Matthews
2253,Michelle Smith
4662,Hannah Dixon
4159,Angela Cooper
1562,Jose Ingram
3517,Julie Saunders
4562,Nicole Smith
1651,William Brown
3576,Michael Martin II
3308,David Baker
4836,Caroline Moreno
3442,David Schmidt
2370,Robert Rowe
2143,Evan Bond
4151,Andrew Avila
2642,David Bradley
636,Jeffrey White
4968,Jacob Carrillo
3434,Kevin Rivera
3416,Emily Lewis
1085,Brandi Conley
3187,Jonathan Lynch
1499,Anthony Shaffer
4826,Stephen Cortez
134,Joshua Gray
4668,Jonathan Morris
1208,John Peters
4283,William Miller
4509,Dawn Rodriguez
3230,Teresa Hanson
796,Andre Salinas MD
3443,Felicia Morales
3041,Bruce Nguyen
1583,Jose Jones
4883,Matthew Salas
2398,Nathaniel Chapman
407,Brenda Anderson
4535,Amy Bell
77,Jennifer Suarez
142,Kimberly Jackson
4887,Joshua Harvey
2455,Dustin Taylor
4003,Terry Rose
4284,Nicholas Marquez
4787,Herbert Ford
3257,Laura Torres
2605,Robert Wright
2588,Pamela Johnson
911,Joel Gomez
1129,Shelby Thompson
2332,Angela Barnes
936,Cody Doyle
629,Chad Jackson
4526,Barry Rodriguez
3212,Lori Simon
2708,William Cohen
2298,Michael Meza
3261,Patricia Baker
1009,Angela Rodriguez
1932,Alex Mccarthy
4891,Keith Mcclain
1326,Justin Romero
592,Christina Scott
153,Carlos Haas
3064,Miss Karen Rios DDS
4702,Morgan Peters
4625,Wayne Singh
3053,James Sullivan
4730,Christopher Cummings
3858,Robert Lamb
1898,Jimmy Pierce
1803,James Underwood
3662,Ryan Reed
2472,Robert Perez
1101,Mitchell Ross
4564,David Maldonado
1921,Melissa Ramirez
2413,David Moreno
4434,Joseph Clark
4453,Timothy Smith
840,Larry Edwards
81,Alan Martinez
2578,Paula Cardenas
4870,Lisa Alexander
1170,John Hart
4967,Stacey Kirk
346,Patricia Wagner
3107,Jonathan Allen
2652,Courtney Holden
433,Kevin Ross
3044,Tabitha Hall
3810,David Branch
2493,Alexander Glover
1261,Deanna Mason
3788,Jill Alexander
1382,Edgar Golden
3955,Katherine Crane
495,Brandon Stone
3943,Paul Mcdonald
2028,Kristi Hinton
302,Rebecca Murray
2869,Dakota Taylor
1146,Alan Taylor
1318,Charles Davis
4890,Brenda Wood
3579,Paige Moran
220,Terri Ryan
1514,Christine Lowe
2999,Dakota Stanton
3596,George Perry
4005,Kristin Clark
5,Mrs. Samantha Ruiz
3555,David Williams
2909,Allison Hubbard
1118,Kathy Martin
3826,Gregory Taylor
4990,Andrew Lee
2770,Heather Davidson
500,Robert Brown
2674,Melissa Luna
3498,Amy Hopkins
3014,Susan Fischer
1274,Robert Lopez
1673,Cheryl Garrison
4952,Justin Berg
459,Eric Carter
2281,Michael Martinez
1873,Gina Smith
2560,Jennifer Weiss
4389,Tina Frey
6,Brendan Thompson
194,Timothy Trujillo
4763,Michael Rice
1134,Rickey Parker
4451,Jane Ford
1079,Jessica Decker
543,Ashley Moore
1186,Tara Hernandez
1553,Joel Foster
3949,Paul Hamilton
3393,Dean Perkins
4228,Timothy Thompson
553,Allison Baker
4830,Emily Hayes
3449,Kathy Moore
1006,Kevin Cannon
1100,Karen Carson
727,Timothy Melton
2581,Wendy Savage
603,Jessica Hart
1149,Jill Lane
1164,Maria Jackson
572,Brian Jones
2216,Terry Edwards
2492,Amanda Gonzales
939,Charles Hicks
3889,Erica Cooke
1774,Jenna Baker
3901,John Jackson
1419,Lauren Becker
4149,Jonathan Johns
4443,Jennifer Cox
728,Joshua Rodgers
4460,Victor Ramirez
706,Carlos Rice MD
2918,Brandon Galloway
3045,Steven Hernandez
3043,Shane Anderson
3073,Jacqueline Blake
1003,Philip Stevens
1391,Yolanda Marquez
1608,Zachary Payne
2323,David Nelson
2893,Holly Poole
292,Alejandra Mclaughlin
132,Dennis Hernandez
3364,Wendy Stevenson
3114,Sherry Richards
4111,Johnathan Simon
2660,Michael Walker
794,Hunter Fuentes
1345,Ernest Kent
75,Michelle Hutchinson
2780,Linda Lowery
120,Bryan Cox
2559,Laura Jackson
3602,Sandra Clark
2925,Patrick Coleman
3811,James Chavez
1604,Melissa Mora
984,Terry Johnson
4506,Annette Garcia
40,Justin Moore
1437,Brady Day
4197,Michael Benson
127,Elizabeth Ayala
2649,Daniel Larson
2937,John Ball
3240,Stephen Anderson
4380,Kelly Johnson
4556,Christopher Jenkins
1358,Michael Chavez
53,Sean Baldwin
827,Ana Horton
631,Karen Kim
1090,Phillip Roberson DDS
1252,Kevin Clark
1305,Stephen Johnson MD
4545,Krystal Robinson
3015,Jeffrey Baird
3587,Julia Riley
2026,Brent Perez
4124,Wayne Luna
2053,Cody Howard
3791,Jessica Terry
1264,Margaret Smith
3689,Shirley Thomas
4160,Shane Perez
2783,Chris Daniel
2711,Marie Brooks
4254,Raven Wells
1675,Logan Jacobs
3023,Kristina Hutchinson
4533,Alexandra Gay
2871,Christine Matthews
1201,Dawn Esparza
2474,Mathew Wolf
3912,Lindsay Cook
52,Paul Owen
1569,Joshua Knight
1362,Joseph Miller
2004,Olivia Khan
2104,Jason Mckenzie
2152,Kylie George
1166,Ashley Garcia
1236,Mrs. Amanda Hutchinson
2795,Kimberly Jones
1174,Eric Mitchell
3332,Katherine Long
3702,Eric Orozco
2453,Louis Parker
11,Benjamin Robbins
2407,Dennis Griffin
2335,Katherine Riley
4180,Jacqueline Barrett
1624,James Byrd DDS
2193,Sylvia Vasquez
4298,Tiffany Foster
95,Andre Tucker
162,Rachel Jackson
4415,Brian Chandler
4240,Colin Rollins
525,Katie Walter
645,Renee Riley
2010,Eric Caldwell
3270,Mr. James Madden III
3220,Kristy Gilmore
693,Elizabeth Baxter
48,Kevin Johnson
2410,Brianna Webb
4253,Paul Caldwell
3402,Levi Robertson
3705,Mark Miller
4897,Michael Johnson
991,Shawn Howell
4858,Timothy Wright
3040,Amy Anderson
313,Christopher Cruz
3386,Kimberly Ramirez
713,Vanessa Black
898,Sabrina Jimenez
4951,Rose Smith
435,Tracy Smith
3118,Casey Young
2568,Guy Foster
1801,Mario King MD
2733,Gregory Tyler
3404,Leslie Douglas
3684,Ariel Johnson
3325,Joshua Johnson
2750,Stacy Mccoy
3643,Justin Myers
1872,Stephanie Perez
3627,Kimberly Salazar
1103,Beverly Harper
4886,Rebecca Skinner
2494,Michael Hunt
4994,Jacob Allen
4542,Margaret Owen
2405,Riley Gilbert
2480,Kimberly Torres
131,Steven Turner
3687,Brian Brooks
4608,Christina Black
1740,Rebecca Barker
1732,Ronnie Singleton
1106,David Gardner
4154,Anthony Foster
4417,David Graham
703,Michelle Chen
2196,Tammy Mcfarland
4566,Patricia Taylor
3022,Carrie Daniels
150,Julia Bentley
336,Megan Alvarez
1606,Elizabeth Miller
969,Steven Bush
3377,Michael Mcgrath
3183,Bobby Sellers DVM
3628,Angela Pugh
4239,Lisa Chung
326,Deanna Rivera
1084,Colleen Wheeler
3598,Yvonne Jones
4872,Gabrielle Williams
2233,Nicole Garcia MD
273,Ricky Osborne
3631,Kristi Perry
1493,Paula Garza
3760,Michelle Graham
2877,Susan Watson
436,Ashley Schmidt
511,Samantha Bentley
2813,Cheryl Floyd
4101,Crystal Thompson
3908,Timothy Hays
3237,Kathy Horton
3476,Benjamin Smith
2944,Bryan Dudley
739,Stephanie Young
2848,Peter Ross
919,Robert Walsh
2670,Michael Wood
4793,Connie Sanchez
3002,Tony Allen
1207,Austin Murphy
2288,Bianca Jordan
974,Dawn Schmidt
4934,Brian Martin
2896,Joshua Skinner
4822,John Lawson
2722,Mrs. Katherine Richardson
914,Lisa Maxwell
3656,Mark Olson
1266,Jessica Lewis
2362,Phillip Stewart
3488,Mrs. Emily Jones
3993,Sharon Wilson
3554,Rhonda Mills
3994,Jennifer White
1538,Joshua Fowler MD
2654,Ashley Davis
1839,David Roach
2662,David Stanley
2227,Pamela Cunningham
2529,Gregg Wolfe
3638,Brian Graham
4120,Robert Cantrell
4482,Jim Andrade
2317,Sheena Ramos
2583,John Taylor
1838,Paul Le
524,Blake Jackson
3039,Garrett Ruiz
4163,Jennifer Dorsey DDS
4681,Ronald Hamilton
1202,Emily Valenzuela
2463,David Meadows
2321,Melissa Watson
2949,Jennifer Owens
725,Sabrina Lynch
3286,Joseph Myers
1909,Nicole Lynch
1295,Tracey Butler
4691,Carl Jennings
4368,Stephanie Smith
705,Joseph Peck
56,David Allison
2384,Ashley Crawford
1154,Steven Allen
2383,Jennifer Shaw
910,Dawn Mckenzie
2184,Jared Mcintosh
1540,Elizabeth Wilcox
3952,Carl Knox
4020,Kimberly Medina
3222,Theresa Pace
2628,Patricia Wells
222,Tanya Garner
1496,Sarah Tanner
1607,Richard Campbell
1822,Cheryl Gross
4660,Lindsay Miles
3496,Pedro Forbes
684,Joshua Arellano
2304,David Gomez
1676,Molly Mccann
3616,Brian Greene
2569,Andrea Michael
1776,William Lopez
1874,Joseph Gonzalez
3465,Dylan Cohen
635,Alex Andrews
1510,Stacy Clark
2259,Amy Wood
4150,Angela Wilson
1933,Sara Martin
3356,Jessica Williamson
571,Brenda Lynch
1747,Sierra Hines
1096,Mitchell Nelson
1636,Collin Fry
1497,Jasmine Cervantes
3472,Jocelyn Brady
3604,Matthew Wood
1152,Karen Mosley
967,Paul Gonzalez
1441,Jesse Lane
675,Lindsey Rivera
3523,Anne Rodriguez
757,Douglas James
2960,Melissa Newton
1291,Linda Robles
4361,Tina Cortez
414,Timothy Harvey
3622,Laura Marshall
3849,Theodore Johnson
4761,Nicole Gonzalez
3648,Kayla Green
4751,Kerri Bryan
1212,Shannon Miles
2150,David Carter
4078,William Murphy
4530,Robert York
274,Rebecca Smith
3194,Megan Gonzalez
777,Tamara Moreno
4027,Thomas Butler
2870,Brandy Jenkins
1951,Anthony Anthony
3228,Sarah Gomez
4079,Deborah Davis
4405,Tracy Hester
945,Erika Bishop
4623,Karen Richardson
816,Teresa Tucker
1655,Mr. Tyler Scott
2874,Kathy Randall
2815,Pamela Carlson
743,Eric Davis
4531,William Stewart
4331,Danielle Wood
3291,Lisa Thompson
3117,Rebecca Hines
1576,Bianca Horton
3711,Lucas Mckenzie
1462,Lauren Bryan
775,James Smith
718,Robert Mccann
166,Stephanie Schwartz
839,David Morales
680,Bonnie Oneal
1710,Mallory Lee
275,Suzanne Morgan
2069,Troy Frost
3796,Alyssa Torres
1056,David Hart
3029,Rhonda Arnold
102,Savannah Chavez
4174,Amy Schmitt
2661,Mary Davis
4801,Michael Fry
4191,Alejandra Richardson
2183,Sydney Powell
929,Noah Smith
2548,Kelly Matthews
1175,Michael Owens
1069,Brittany Beck
3225,Laura Velasquez
2309,Tammy Hawkins
2580,Jasmine Peters
1617,Debbie Weeks
2518,Amanda White
2082,David Mccarthy
262,Michael Malone
3629,Connor Mcbride
944,Karla Mitchell
4119,Robert Davis
2240,Carol Gay
3172,Mary Hunter
2640,Lauren Oconnor
2457,Vincent Henderson
44,Christopher Rodriguez
492,Cassandra Day
49,Ashley Walters
912,Donald Torres
2570,Paula Harrell
2810,Matthew Tucker
4257,Jeffrey Williams
1063,Mariah Griffith
367,Jennifer Guerra
3267,Juan Anderson
4659,Nicholas Strickland
3161,Mary Fisher
3608,Sheryl Ward
779,Jeff Murray
3374,Jeff Sparks
198,Samantha Salinas
3162,Maria Allen
4355,Donald Brown
2003,Nancy Brown
246,Tina Martinez
1926,Peter Ramirez
3155,Deborah Gonzales
3978,Brian Pena
4930,Joshua Butler
4189,Steven Donaldson
4351,Alexandra Tate
602,Barbara Henry
1257,Hailey Baker
2516,Patricia Mann
953,Brittney Gonzalez
2724,Cynthia Wright
2449,Matthew Savage MD
2466,Andrew Phillips
3277,David Baker
1913,Stacey Beck
3437,Eric Russell
3429,Caitlin Pearson
4276,Jo Hester
2968,Michele Peters
4698,Jamie Livingston
2890,Heidi Nelson
4441,Lisa Johnson
2556,Deborah Bowen
1906,Karen Perez
1428,Dustin Rodriguez
3670,Jennifer Shepherd
4196,Jeanette Lindsey
2858,Jacqueline Carter
1552,William Haynes
1262,Jose Jimenez
1726,James Bartlett
1455,Jennifer Hardin
444,Kenneth Johnson
3536,Robert Long
2767,Nathan Garrison
4785,Natasha Anderson
3338,Deanna Ingram
4558,James Duffy
4790,Michael Franco
4139,Julie Bailey
4175,Emma Massey
776,Darius Mitchell
1715,Antonio Koch
2552,Andrew Palmer
3814,Kimberly Hernandez
2508,Kayla Hall
791,Robert Marquez
1963,Henry Klein
704,David Zamora
4293,Denise Castaneda
4206,Anthony Thomas
3866,Roy Howell
2158,Andrew Jones
3996,Jacob Bowman
272,Devin Butler
4938,Sarah Dean
744,Noah Miller
2638,Heidi Spears
2106,Robert Rojas
2108,Daniel Hart
2043,Ryan Freeman
4894,Alexis Jones
263,Jermaine Becker
4682,Nicole Sanders
4299,Dawn Wilkins
2865,Michelle Jones
1674,Tonya Krueger
2364,Veronica Williams
4726,Melissa Peters
901,Leslie French
1210,David Thomas
449,Kelli Larson
4911,Jenna Jimenez
2591,Joseph Jordan
2042,Tina Webb
22,Jessica Bennett
1290,Adam Pham
1783,Erik Sherman
3179,Heidi Porter
4908,Louis Thompson
4214,Crystal Harris
341,Michael Gaines
4947,Terri Garrett
249,Robert Weaver
216,Douglas Kaufman
1338,Eddie Ryan
2945,Shelly Gross
3868,George Wilson
4695,Christina Moss
4550,Gabriel Cobb
621,Maria Carter
3895,Wendy Shaw DDS
474,Michelle Gomez
1293,Shannon Perez
2631,Warren Pollard DDS
4383,Steven Sutton
1030,Luis Baker
3743,Jacob Bennett
3130,Rhonda Walters
2820,Alejandro Alvarez
2374,Tyler Thompson
4167,Matthew Miller
3205,Benjamin Cooper
2904,Jonathon Graham
4140,Sharon Vega
4221,Casey Noble
1567,Christie Williams
4444,Dr. Sheila Swanson
4664,Curtis Mullen
2850,Zachary Velez
2330,Theresa Wyatt
4328,Alexis Wilson
1471,Ian Hudson
870,Danny Paul
1366,Nancy Martinez
3528,Hunter Adkins
3855,Tyler Martin
286,Nicole Wilson
2178,Michael Luna
1610,Brian Smith
652,Andrew Bell
540,Nancy Patel
1986,Thomas Bryant
2397,Danielle Jones
2694,Danielle Smith
1952,Jacqueline Horn
2175,Trevor Dennis
2819,David Leonard
1024,Laurie Stephens
2915,Stephanie Parker
3971,Stephanie Wilkerson
1068,Austin White
501,Kimberly Jackson
2602,Nicole Williams
4521,Isaiah Fitzpatrick
1373,Angela Duncan
3485,Jose Peters
291,Kenneth Reese
3466,David Macdonald
1799,Steven Simon
2093,Nathan Huynh
4430,Kristen Hoffman
1691,Eduardo Pacheco
4091,Melissa Morales
4603,Eric Gray
867,Chelsea Young
358,Charles Norton DDS
2146,Susan Wright
3001,Jimmy Brown
4285,Joshua Young
1736,Brooke Pittman
3016,Victoria Washington
2873,Mary Williams
490,Allen Wallace
4904,William Stewart
569,Gabriel Chase
4103,Jordan Garza
2285,Erin Smith
3512,John Morris
2313,Jerry Johnson
65,Lauren Bruce
3660,Michele Johnson
3140,Crystal Bass
1724,Lori Ramos
3229,Kristy Brown
2393,Joel Villarreal
3254,Melissa Scott
2237,Darin Jackson
1633,Mrs. Pam Kennedy
2861,Natalie Dillon
4645,Ebony Clarke
2958,Andrew Miller
3724,Patrick Haynes
466,Paul Nichols
4132,Victor Olson
1990,Brittany Jones
1353,Mark Tucker
624,Chelsea Mccoy
930,Benjamin Cole
4599,Nathan Evans
3543,Jodi Velez
1516,Brittany Henderson
1409,Richard Hines
2162,Jeanne Davis
2615,Jack Torres
3423,Dr. Lisa Simmons DDS
4463,Diana Murphy
1616,Daniel Fuller
2573,Madison Sosa
2168,John Mcclure
2411,Christopher Spencer
327,Sophia Fisher
1286,Nathan Miller
2451,Nicholas Waters
1852,Christina Ingram
784,Julie Glover
4170,Taylor Delgado
1650,David Jimenez
30,Melanie Wallace
143,Mark Peck
2369,Ashley Day
3054,Janet Fletcher
3551,Tara Sanchez
2264,Leslie Friedman
2575,Nicholas Walker
3620,James Moon
3192,Carolyn Reilly
2563,Cheryl Ochoa
1646,Madison Bright
805,Joanne Franklin
2895,Jillian Gonzales
4226,Lori Owens
3471,Leslie Mason
2428,Darryl Johnson
1461,Danielle Sloan
949,Barbara Sanchez
1814,Jillian Tucker
141,Sandra Jones
4906,Walter Welch
928,Paul Johnson
4177,Juan Beck
3198,Jacob Mccarthy
91,Anthony Foley
2625,Carl Swanson
4472,Lorraine Reid
1218,Kenneth Hill
404,Dana Holmes MD
363,Ronald Matthews
2097,Patrick Miller
4354,Cory Miller
3283,Lisa Russell
926,Jamie Barry
2743,Yolanda Goodwin
3360,Thomas Porter
4591,Madison Weaver
4675,Courtney Sellers
1596,Michael Burton
527,Amanda Watson
1163,Dustin Hoover
4554,Jeremy Harris
4481,Laura Johns
1478,Brandon Gonzalez
1761,Vincent Mason
1029,Brian Wood
4068,Ryan Hall
4454,Paula Miller
3353,Deborah Johnson
3371,Deanna Jones
687,Yvette Allen
4339,Kristin Hunter
4251,Larry Sims
2754,Eric Chambers
3797,Connie Parsons
2554,Martin Ali
3829,Gina Holland
4802,Craig Thompson
4485,Joseph Jenkins
740,Erik Cowan
1121,Haley Collins
4344,Dean Munoz
2112,Michael Castillo
2715,Katelyn Knox
3328,Timothy Blackburn
1890,Kelsey Johnson
348,Jordan Wilson
2512,Laurie Molina
2883,Madison Mclaughlin
1755,Dwayne Green
2505,Sandra Logan
2263,Nicole Sanchez
4716,Manuel Koch
1658,Carl Hammond
4569,Brian Cooper
2567,Chris Smith
863,Jon Vega
1404,Danielle Beck
2635,Joseph Ramsey
4094,Samantha Steele
3698,Jerry Curtis
2291,David Mcclure
3060,Sarah Allen DVM
1581,Larry Jenkins
297,David Montgomery
4744,Tyler Jones
1687,Stacey Vargas
717,Amanda Stewart
4028,Andrea Harvey
3038,Sean Bautista
4042,Karen King
3169,Jessica Mitchell
3727,Laura Marshall
4291,Jade Moore
1704,Andrew Acosta
3019,Anna Johnson
848,Laura Daniel
997,Denise Scott
1193,Todd Savage
2931,Joyce Harris
2005,Stephen Page
149,Christopher Williams
589,Richard White
4352,Jeanette Soto
4642,Steven Taylor
2275,Tommy Mccormick
628,Sandra Brown
1677,Gregory Fernandez
2435,Kyle Miller
1699,Kevin Roth
1653,Alexa Garza
1313,Troy Murphy
64,David Hughes
3752,Anne Davis
2057,Alisha Stein
2318,Dr. Whitney Henderson DDS
2776,Jonathan Gardner
2059,Michael Warren
3141,Ryan Rodriguez
1640,Jennifer Valentine
4039,Mrs. Kimberly Garza DDS
255,Kevin Graves
4162,John Soto
2352,Nicholas Parks
242,Stacey Garcia
2081,Alexis Ramos
2517,Janice Snyder
1681,Joseph Sanders
2367,Jorge Baker
1505,Laura Brooks
2597,Christopher Brown
1060,John Goodman
1561,Brian Cooper
4989,Thomas Jordan
1167,Patrick Valencia
586,Tyler Hernandez
4585,Matthew Liu
2160,Scott White
663,Michael Casey
4333,Malik Reed
3818,Jamie Gordon
2247,Regina Campbell
747,Maxwell Thomas
1393,Russell Gutierrez
1574,Michelle Velasquez
3615,Joel Graves
4707,William King
1605,Dawn Jones
1335,Tanner Baldwin
2498,Maria Miller
1157,Mary White
2122,Raymond Taylor
1020,Douglas Owens
4470,Matthew Petersen
1628,Alyssa Warner
844,Veronica Bradford
732,Patrick Shaw
2279,Phillip Mckay
3819,Leah Reed
4700,Joseph Shelton
1520,Gabriel Reese
1937,John Martin
4301,Christopher Obrien
1177,Kerri Bishop
3352,Heather Salinas
4762,Zoe Young
2698,Edward Wright
3990,Miranda Hill DVM
4638,Jessica Villa
1590,Michelle Tucker
196,Johnny Mcbride
1912,Jeremy King
3738,Jacqueline Hammond
3904,Mrs. Wendy Golden
3298,Frank Kim
3995,Jordan Ferguson
1847,John Waters
1785,Sara Bailey
3062,David Marshall
4522,Bonnie Morrow
439,Amy Murray
146,Susan Castro
1807,Michael Brown
3196,David Miller
1733,Colleen Bradley
1965,Todd Graham
2524,Juan Burke
3674,Jenny Williams
239,Jason Guzman
2748,Jennifer Hawkins
4098,Jacqueline Rodriguez
4770,Jennifer Hunt
826,Victor Chang
4061,Angel Campbell
520,Scott Mcintyre
2928,Mark Castaneda
3519,Nicholas Espinoza
140,Jose Callahan III
3143,Anne Shaw
3746,Michael Matthews
1005,Rhonda Benjamin
1832,Kayla Acosta
2316,Diana Blair
3999,Olivia Anderson
461,Andrew Fisher
4353,Diana Smith
1484,Amber Weber
4281,Anthony Hart
2565,Carrie Rodriguez
36,Mr. Mark Ferrell
1672,Aaron Potter
4193,Julie Dunn
1972,Troy Castillo
3600,Tara Warren
497,Peter Mosley
3484,Judy Harrison
3817,Nicole Riley
4888,Ashley Torres
1868,Christine Guerrero
4837,Joe White
3334,Jennifer Bauer
679,Jessica Barker
4581,David Wright
2254,David Wilkins
1396,Ashley Ramirez
290,Nathan Barnett
2312,Amy Nash
1014,Cameron Elliott
3601,Brandon Brown
1863,Clinton Schmidt
4310,Brittany Tucker
1489,Tyler Mccoy
828,Danny Mckay
1946,Thomas Ellis
3903,Tina Moore
3564,Mary Smith
2793,Julie Stanley
165,Katherine Stewart
3394,Jeffrey Conrad
185,Jill Fitzpatrick
328,Michelle Steele
1267,Jason Lynch
2078,Mr. Ethan Rowe
158,Brad Willis
2611,Courtney Bird
4909,Brianna Savage
721,Dwayne Rodriguez
2342,Cynthia Hart MD
4778,Savannah Ramirez
1027,Adrienne Patterson
2624,Breanna Combs
3492,Mr. Travis Carter
3052,Nicole Morrison
323,Daniel Snyder
4067,Thomas Fisher
2786,Justin Ross
4306,Patrick Stokes
3252,Carolyn Stevens
951,Kevin Miller
445,Rachel Callahan
3843,Carolyn Wells
4750,Jesse Bennett
4010,Danielle Roth
4923,Amy Cole
2989,Michael Chandler
2050,Gerald Fuller
3094,Richard Taylor
3108,Michael Bennett
3115,Dawn Jones
293,Mark Phillips
3300,Sandra Wu
2940,Nicholas Owens
4784,Angela Stevens
2017,Benjamin Parks
2250,Jessica Humphrey
1133,Jessica Hahn
2315,Cheyenne Griffin
2204,Jason Parker
2966,Steven Hill
3623,Erica Robles
410,Elizabeth Sullivan DVM
729,Jessica Pearson DDS
4266,Patrick Fowler
2976,William Pearson
1255,Thomas Campbell
3907,Carla Smith
2446,Daniel Ellis
2473,Mr. Andre Werner
319,Kendra Rasmussen
837,Regina Mckay
1421,Meghan Stevens
4108,Bobby Todd
1142,Rachel Ford
934,Beverly Fernandez
2206,Dwayne Cruz
3147,Matthew Rodriguez
4595,Kirsten Stout
1282,Jill Chang
1398,Jennifer Rodriguez
1619,John Berry
1751,Elizabeth Gentry
2596,Ryan Mccarthy
833,Sarah Scott
2137,Bobby Long
3316,Mary Jennings
950,William Medina
4338,Marcus Allen
4144,Valerie Christian
632,Terry Parker
3945,Lisa Wilkins
4781,Theresa Moses
479,Jessica Gates MD
4900,Sandra Thomas
614,Monica Snow
1693,Andrea Ford
1467,Victoria Marks
1864,Jason Bell
2085,Donna Smith
1979,Hannah Stewart
1746,Cathy Johnson
2426,Amanda Webster
2761,Brittany Foley
1637,Keith Stuart
3361,Alyssa Weber
1662,Janice Williams
1944,Jacqueline Watson
516,Hector Carlson
4388,Betty Robinson
4312,Michael Diaz
351,Patricia Olsen
4794,Casey Moore
3557,Traci Smith
3173,Latoya Brown
2998,Scott Clark
128,John Smith
2853,Dr. Kelly Jenkins DDS
2787,Logan Gonzalez
4440,Stephen Carroll
3789,Joe Coleman
1260,Anne Clark
4237,Kim Duran
3680,Michael Pierce
4747,John Davis
2922,Monica Abbott
3499,Allen Patterson
1240,Fernando Chen
2459,Mitchell Hamilton
2566,Ashley Lee
4112,Kim Hudson
366,Jared Bailey
1182,Justin Hunt
278,Shane Campbell
4503,Nicholas Williams
426,Tiffany Kim
2125,Michelle Nguyen
2808,Matthew Rocha
340,Pamela Smith
4869,Monica Garza
23,Brett Beard
3231,Tristan Ortiz
1627,William Rich
4013,Stephen Jones
542,Jennifer Adams
43,James Martinez
1196,Anthony Gonzalez
1206,Stacy Mclean
650,Kayla Allen
820,Carlos Stewart
3681,Jonathan Joseph
3299,Mary Williams
20,Thomas Buchanan
563,Natalie Walker
335,Charles Howell
4518,Denise Hoover
2777,Anthony Rogers
1339,Theresa Wilson
3533,Robert Gutierrez
600,Brenda Williamson
4106,Margaret Hudson
2305,Ian Wood
4435,Keith Mitchell
331,Charles Carpenter
904,Cheryl Anderson
1613,Paula Hayden
1099,Courtney Foster
2829,Hunter Young
2520,Rebecca Hanson
4767,Tami Parrish
1512,Jo Edwards
1158,Monica Mcpherson
2712,Michael Hayes
4816,Dr. Alicia Caldwell
55,Amanda Massey
1595,Michael Morales
430,Casey Byrd
3728,Mrs. Aimee Martinez
2799,Ashley Livingston
4820,Kenneth Morris
564,Morgan Robles
2821,Heather Diaz
803,Paul Diaz
4919,Rachel Johnson
1363,Micheal Wilkins
4555,Luke Graham
2875,Kyle Leon
2691,Mr. Joshua Martin
4734,Alex Rogers
108,Ann Silva
84,David Arnold
1418,Monica Cook
3482,Susan Alexander
4807,Stephen Daniel
3448,Steven Adams
1530,Rick Miller
4523,Gregory Benton
460,Kenneth Carter
4706,Karen Harvey
4964,Katherine Newton
2387,Christine Riley
3612,Travis Lane
4617,Jamie Silva
1034,Raven King
1524,Theresa Hardy
2576,Brenda Vega
3063,Michelle Hickman
4696,Alejandro Taylor
3686,Deborah Bennett
2334,Angela Moon
3217,Michelle Smith
3185,Kelsey West
176,Stephen Burton
2990,Robert Smith
2671,Jennifer Owen
4032,Hector Boyd
4931,Allen Griffith
3583,Jesus Snyder
1120,Kathleen Olson
1080,James Gibson
2039,Lisa Lewis
1853,Kristine Jones
1132,Brian Patterson
3877,Kayla Knight
4635,Nicholas Newman
3963,Erica Boyd
3548,Courtney Foster
3845,Johnny Anderson
1744,Breanna Martin
3422,Leroy Ortega
3575,Jeffery Lang
3104,Jonathan Holland
605,Laurie Francis
2458,Amy French
4017,Diana Carrillo
4597,Gary Miller
3160,Mark Wall
647,Danielle Anderson
3902,Sara Bond
4471,Caroline Thompson
678,Jessica Williams
502,Lindsay Robertson
2460,Kylie Walker
2172,Tammy Collier
1591,Donald Blankenship
2651,Joshua Erickson
4458,Samuel Fuentes
2174,Angela Montoya
2899,Jaime Grant
2979,Michael Taylor
3214,Lisa Hall
203,Alison Acosta
2723,Joshua Thomas
3861,Christy Lee
1444,Samantha Howard
2842,Thomas Mccoy
957,Kara Martinez
2149,Betty Carson MD
4327,Jennifer Richardson
1173,Gabriel James
3479,Brandon Lutz
1187,Kayla Erickson MD
2067,Caleb Johnson
4063,James Becker
4377,Melissa Ellis
79,John Ryan
503,Jacqueline Vaughn
1124,Michele Nichols
316,Jeffrey Wilson
3859,Jennifer Williams
3822,Curtis Moore
2431,Cole Marshall
3581,Pamela Cox
1445,Daniel May
3956,Jessica Holland
598,Tyler Gomez
4179,Julia Delacruz
3293,Tara Delgado
3211,Alexandra Glenn
2863,Julia Reed
4721,Lucas Thomas
1411,Jonathan Berry
2623,Kenneth Drake
402,Christine Herman
2980,Andrew Smith
3590,Randy Baker
4304,Alexis Jensen
4342,Andrew Friedman
1067,Todd Hayes
163,Jacob Davis
4901,Tonya Carter
1857,Cathy Mcdaniel
4953,Jessica Campbell
2756,Mark Lin
913,Tammy Jones
4315,Jody Pratt
2855,Jared Park MD
2942,Chad Johnson
514,William Carpenter
1509,Steven Gutierrez
1381,Amanda Rodriguez
2612,Aaron Gonzalez
4765,David Romero
683,Rachel Prince
1126,Adam Price
3301,Elizabeth Farmer
3900,Joseph Patterson
996,Ricardo Washington
2900,Janet Wood
1155,Alicia Lewis
4468,Robert Zamora
489,Brittany Barnes
2897,Christopher Taylor
3413,Bryce Roberson
279,Rachel Nguyen
3238,Bobby Patel
3737,Eric Cooper
2129,Lisa Nelson
761,Monica Griffith
3132,Brenda Roberts
3915,Cassandra Garcia
3163,Victor Garcia
4791,Jeffrey Kennedy
2496,Lisa Murray
